USE campusflow;

INSERT INTO location_types (location_type_id, type_name, description) VALUES
(1, 'Library', 'Study and academic space'),
(2, 'Gym', 'Fitness and recreation facility'),
(3, 'Dining Hall', 'Campus dining location'),
(4, 'Study Lounge', 'Quiet study area with seating'),
(5, 'Computer Lab', 'Shared computing and printing resources'),
(6, 'Student Center', 'Multipurpose student activity space'),
(7, 'Maker Space', 'Creative build and prototype space'),
(8, 'Cafe', 'Light food and coffee service');
INSERT INTO users (user_id, first_name, last_name, email, role_name, created_at) VALUES
(1, 'Sarah', 'Johnson', 'sarah.johnson@northeastern.edu', 'Student', '2026-01-29 09:15:28'),
(2, 'Mark', 'Preston', 'mark.preston@northeastern.edu', 'Campus Operations Manager', '2026-02-07 08:10:22'),
(3, 'Jason', 'Morrison', 'jason.morrison@northeastern.edu', 'Data Analyst', '2025-11-17 11:21:48'),
(4, 'Kevin', 'Brooks', 'kevin.brooks@northeastern.edu', 'System Administrator', '2025-12-26 00:30:32'),
(5, 'Roy', 'Smith', 'roy.smith5@northeastern.edu', 'Student', '2026-04-14 01:45:02'),
(6, 'Melissa', 'Daniels', 'melissa.daniels6@northeastern.edu', 'Campus Operations Manager', '2025-11-29 01:02:17'),
(7, 'Sheryl', 'Howard', 'sheryl.howard7@northeastern.edu', 'Student', '2025-12-27 16:29:29'),
(8, 'Brandi', 'Hansen', 'brandi.hansen8@northeastern.edu', 'Student', '2025-10-24 10:05:43'),
(9, 'Nicole', 'Navarro', 'nicole.navarro9@northeastern.edu', 'Student', '2026-02-17 21:58:17'),
(10, 'Jessica', 'Marshall', 'jessica.marshall10@northeastern.edu', 'Student', '2025-12-28 03:10:42'),
(11, 'Fred', 'Johnson', 'fred.johnson11@northeastern.edu', 'System Administrator', '2025-12-24 16:22:48'),
(12, 'Erin', 'Gonzalez', 'erin.gonzalez12@northeastern.edu', 'Data Analyst', '2026-01-23 05:41:15'),
(13, 'Holly', 'Osborne', 'holly.osborne13@northeastern.edu', 'Student', '2025-11-10 11:14:02'),
(14, 'Tommy', 'Velasquez', 'tommy.velasquez14@northeastern.edu', 'Student', '2025-10-28 02:11:36'),
(15, 'Jerry', 'Harris', 'jerry.harris15@northeastern.edu', 'System Administrator', '2026-02-05 03:35:05'),
(16, 'Nancy', 'Stevens', 'nancy.stevens16@northeastern.edu', 'Student', '2026-02-25 15:17:25'),
(17, 'Kyle', 'Sanchez', 'kyle.sanchez17@northeastern.edu', 'Student', '2025-12-09 07:46:40'),
(18, 'Emily', 'Huff', 'emily.huff18@northeastern.edu', 'Student', '2025-12-13 23:39:06'),
(19, 'Jonathan', 'Kerr', 'jonathan.kerr19@northeastern.edu', 'Student', '2026-02-06 19:23:27'),
(20, 'Craig', 'Rasmussen', 'craig.rasmussen20@northeastern.edu', 'Student', '2026-04-07 20:27:58'),
(21, 'Patricia', 'Church', 'patricia.church21@northeastern.edu', 'Data Analyst', '2026-03-22 15:04:42'),
(22, 'Lisa', 'Gonzalez', 'lisa.gonzalez22@northeastern.edu', 'Campus Operations Manager', '2026-01-29 11:41:41'),
(23, 'Kenneth', 'Jacobs', 'kenneth.jacobs23@northeastern.edu', 'Campus Operations Manager', '2026-02-05 16:16:20'),
(24, 'Anna', 'Ford', 'anna.ford24@northeastern.edu', 'Campus Operations Manager', '2025-11-21 23:24:33'),
(25, 'Jeffrey', 'Mcclure', 'jeffrey.mcclure25@northeastern.edu', 'Student', '2026-04-11 09:02:19'),
(26, 'Marcia', 'Guerrero', 'marcia.guerrero26@northeastern.edu', 'Student', '2025-11-22 07:06:57'),
(27, 'Adam', 'Morton', 'adam.morton27@northeastern.edu', 'Student', '2026-02-14 10:58:33'),
(28, 'Margaret', 'Michael', 'margaret.michael28@northeastern.edu', 'Student', '2026-04-12 17:29:10'),
(29, 'Monique', 'Coffey', 'monique.coffey29@northeastern.edu', 'Student', '2026-02-18 06:03:44'),
(30, 'Jerry', 'Ruiz', 'jerry.ruiz30@northeastern.edu', 'Campus Operations Manager', '2026-01-26 07:52:44'),
(31, 'Jeffrey', 'West', 'jeffrey.west31@northeastern.edu', 'Student', '2026-04-05 16:58:17'),
(32, 'Kimberly', 'Mcdaniel', 'kimberly.mcdaniel32@northeastern.edu', 'Student', '2025-12-11 05:10:52'),
(33, 'Jordan', 'Brown', 'jordan.brown33@northeastern.edu', 'Campus Operations Manager', '2026-01-21 22:53:54'),
(34, 'Spencer', 'Wade', 'spencer.wade34@northeastern.edu', 'Data Analyst', '2026-01-24 18:03:35'),
(35, 'Phillip', 'Jones', 'phillip.jones35@northeastern.edu', 'Student', '2025-11-23 23:17:04'),
(36, 'Kristen', 'Baker', 'kristen.baker36@northeastern.edu', 'Student', '2026-03-15 23:23:03'),
(37, 'Courtney', 'Jenkins', 'courtney.jenkins37@northeastern.edu', 'Data Analyst', '2025-11-25 18:30:50'),
(38, 'Sarah', 'Lee', 'sarah.lee38@northeastern.edu', 'Student', '2026-02-27 18:53:04'),
(39, 'Raymond', 'Little', 'raymond.little39@northeastern.edu', 'Student', '2026-02-08 09:28:29'),
(40, 'John', 'Daugherty', 'john.daugherty40@northeastern.edu', 'Student', '2026-01-04 08:25:42');
INSERT INTO locations (location_id, location_type_id, location_name, building_name, campus_zone, capacity, status, current_open_flag, added_by_user_id, created_at) VALUES
(1, 5, 'Forsyth Building Printing Lab', 'Forsyth Building', 'East Campus', 813, 'active', 1, 32, '2025-11-23 01:58:08'),
(2, 5, 'Dodge Hall Printing Lab', 'Dodge Hall', 'South Campus', 878, 'active', 1, 33, '2025-12-26 12:41:05'),
(3, 6, 'Churchill Hall Student Hub', 'Churchill Hall', 'Central Campus', 181, 'active', 1, 40, '2025-11-18 16:12:42'),
(4, 8, 'Meserve Hall Quick Bites Cafe', 'Meserve Hall', 'Central Campus', 322, 'active', 1, 38, '2025-12-26 19:16:37'),
(5, 3, 'Kariotis Hall Dining Pavilion', 'Kariotis Hall', 'Central Campus', 255, 'active', 0, 36, '2026-02-11 08:48:01'),
(6, 4, 'Robinson Hall Late Night Study Lounge', 'Robinson Hall', 'North Campus', 801, 'inactive', 0, 33, '2026-03-22 19:16:54'),
(7, 8, 'ISEC Brew Bar', 'ISEC', 'East Campus', 103, 'active', 1, 38, '2026-03-25 21:32:05'),
(8, 1, 'Kariotis Hall Learning Commons', 'Kariotis Hall', 'North Campus', 356, 'active', 1, 37, '2026-01-14 18:37:53'),
(9, 5, 'Forsyth Building Data Lab', 'Forsyth Building', 'Central Campus', 503, 'active', 1, 33, '2026-03-01 11:11:27'),
(10, 7, 'Behrakis Health Sciences Center Build Lab', 'Behrakis Health Sciences Center', 'East Campus', 715, 'active', 1, 34, '2026-03-19 01:13:53'),
(11, 6, 'Mugar Life Sciences Engagement Center', 'Mugar Life Sciences', 'North Campus', 250, 'active', 1, 39, '2025-10-27 14:53:37'),
(12, 4, 'Raytheon Amphitheater Collaborative Lounge', 'Raytheon Amphitheater', 'South Campus', 638, 'active', 1, 38, '2026-03-02 15:44:13'),
(13, 8, 'Snell Library Campus Cafe', 'Snell Library', 'Central Campus', 813, 'active', 1, 37, '2026-01-20 11:12:06'),
(14, 1, 'Dodge Hall Quiet Study Floor', 'Dodge Hall', 'East Campus', 517, 'active', 1, 31, '2025-11-18 00:32:27'),
(15, 4, 'Snell Library Peer Study Lounge', 'Snell Library', 'North Campus', 810, 'inactive', 1, 33, '2025-10-30 13:30:59'),
(16, 8, 'Lake Hall Campus Cafe', 'Lake Hall', 'West Campus', 329, 'active', 1, 37, '2026-02-08 16:29:46'),
(17, 5, 'International Village Open Computing Lab', 'International Village', 'West Campus', 453, 'active', 1, 33, '2026-01-07 11:13:34'),
(18, 4, 'Richards Hall Late Night Study Lounge', 'Richards Hall', 'North Campus', 585, 'inactive', 1, 35, '2025-11-11 09:30:38'),
(19, 3, 'Robinson Hall Campus Eats', 'Robinson Hall', 'South Campus', 587, 'active', 1, 38, '2025-11-30 23:00:39'),
(20, 3, 'Kariotis Hall Marketplace', 'Kariotis Hall', 'West Campus', 204, 'active', 0, 40, '2025-10-31 12:48:11'),
(21, 1, 'Forsyth Building Research Hub', 'Forsyth Building', 'Central Campus', 273, 'active', 1, 32, '2026-02-19 04:26:00'),
(22, 8, 'Forsyth Building Quick Bites Cafe', 'Forsyth Building', 'West Campus', 97, 'active', 1, 32, '2026-02-09 23:11:46'),
(23, 7, 'Mugar Life Sciences Build Lab', 'Mugar Life Sciences', 'Central Campus', 94, 'active', 1, 40, '2026-03-13 04:41:11'),
(24, 4, 'Ryder Hall Collaborative Lounge', 'Ryder Hall', 'West Campus', 226, 'active', 1, 38, '2025-12-20 08:59:49'),
(25, 5, 'Mugar Life Sciences Printing Lab', 'Mugar Life Sciences', 'South Campus', 592, 'active', 1, 34, '2025-10-28 12:17:44'),
(26, 3, 'Richards Hall Fresh Kitchen', 'Richards Hall', 'Central Campus', 322, 'active', 0, 31, '2026-02-27 00:22:12'),
(27, 3, 'Ryder Hall Dining Pavilion', 'Ryder Hall', 'North Campus', 879, 'active', 1, 35, '2026-02-14 20:19:19'),
(28, 1, 'Behrakis Health Sciences Center Research Hub', 'Behrakis Health Sciences Center', 'South Campus', 786, 'active', 0, 37, '2025-12-22 08:02:25'),
(29, 5, 'International Village Open Computing Lab 2', 'International Village', 'South Campus', 538, 'active', 0, 40, '2025-12-25 11:45:43'),
(30, 5, 'Mugar Life Sciences Open Computing Lab', 'Mugar Life Sciences', 'West Campus', 273, 'active', 1, 32, '2026-01-18 19:59:56'),
(31, 2, 'EXP Fitness Zone', 'EXP', 'North Campus', 840, 'active', 0, 39, '2026-01-27 14:24:36'),
(32, 8, 'Hayden Hall Coffee Corner', 'Hayden Hall', 'West Campus', 441, 'inactive', 1, 33, '2025-12-03 07:40:46'),
(33, 7, 'Richards Hall Design Garage', 'Richards Hall', 'South Campus', 304, 'active', 0, 39, '2025-10-20 12:19:42'),
(34, 5, 'Snell Library Innovation Lab', 'Snell Library', 'East Campus', 820, 'active', 0, 40, '2026-02-25 02:09:08'),
(35, 8, 'Behrakis Health Sciences Center Quick Bites Cafe', 'Behrakis Health Sciences Center', 'North Campus', 583, 'active', 1, 32, '2026-04-07 00:39:00'),
(36, 1, 'Shillman Hall Reference Commons', 'Shillman Hall', 'West Campus', 843, 'inactive', 1, 34, '2025-11-20 18:10:33');
INSERT INTO operating_hours (operating_hours_id, location_id, day_of_week, open_time, close_time, updated_by_user_id, updated_at) VALUES
(1, 1, 'Monday', '07:00:00', '22:30:00', 36, '2026-02-26 08:40:39'),
(2, 1, 'Tuesday', '07:30:00', '22:30:00', 40, '2026-03-18 03:36:06'),
(3, 1, 'Wednesday', '07:30:00', '23:00:00', 39, '2026-02-27 20:26:09'),
(4, 1, 'Thursday', '07:00:00', '22:30:00', 37, '2026-04-16 23:16:54'),
(5, 1, 'Friday', '07:30:00', '22:00:00', 36, '2026-02-23 21:00:15'),
(6, 1, 'Saturday', '09:30:00', '20:00:00', 38, '2026-04-08 17:26:55'),
(7, 1, 'Sunday', '09:00:00', '21:00:00', 35, '2026-03-10 20:25:33'),
(8, 2, 'Monday', '07:00:00', '22:30:00', 32, '2026-04-10 01:57:30'),
(9, 2, 'Tuesday', '07:30:00', '23:00:00', 37, '2026-02-22 01:02:41'),
(10, 2, 'Wednesday', '07:00:00', '22:30:00', 40, '2026-03-10 14:01:18'),
(11, 2, 'Thursday', '07:00:00', '23:00:00', 40, '2026-04-13 15:43:08'),
(12, 2, 'Friday', '07:00:00', '22:00:00', 37, '2026-04-11 08:32:15'),
(13, 2, 'Saturday', '09:00:00', '19:30:00', 40, '2026-02-19 11:10:38'),
(14, 2, 'Sunday', '09:00:00', '21:00:00', 31, '2026-02-27 00:59:14'),
(15, 3, 'Monday', '07:00:00', '23:00:00', 33, '2026-03-02 18:18:33'),
(16, 3, 'Tuesday', '07:00:00', '22:30:00', 33, '2026-03-01 07:03:22'),
(17, 3, 'Wednesday', '07:00:00', '23:00:00', 36, '2026-03-22 10:27:28'),
(18, 3, 'Thursday', '07:00:00', '23:00:00', 38, '2026-02-28 04:39:43'),
(19, 3, 'Friday', '07:00:00', '22:00:00', 31, '2026-03-13 07:09:29'),
(20, 3, 'Saturday', '09:00:00', '19:30:00', 31, '2026-04-05 21:45:48'),
(21, 3, 'Sunday', '09:00:00', '21:00:00', 33, '2026-04-02 07:58:50'),
(22, 4, 'Monday', '07:00:00', '23:00:00', 35, '2026-04-15 09:19:49'),
(23, 4, 'Tuesday', '07:00:00', '22:30:00', 33, '2026-03-31 02:37:27'),
(24, 4, 'Wednesday', '07:30:00', '22:30:00', 36, '2026-03-12 17:47:59'),
(25, 4, 'Thursday', '07:00:00', '23:00:00', 37, '2026-03-21 21:05:35'),
(26, 4, 'Friday', '07:00:00', '21:30:00', 35, '2026-04-09 03:11:45'),
(27, 4, 'Saturday', '09:00:00', '20:00:00', 33, '2026-04-05 00:26:43'),
(28, 4, 'Sunday', '09:30:00', '21:00:00', 37, '2026-02-26 01:01:30'),
(29, 5, 'Monday', '07:30:00', '23:00:00', 34, '2026-03-10 15:01:50'),
(30, 5, 'Tuesday', '07:00:00', '23:00:00', 32, '2026-04-09 07:45:27'),
(31, 5, 'Wednesday', '07:00:00', '23:00:00', 31, '2026-03-03 03:51:57'),
(32, 5, 'Thursday', '07:00:00', '23:00:00', 40, '2026-04-13 14:24:07'),
(33, 5, 'Friday', '07:00:00', '22:00:00', 40, '2026-03-22 19:51:36'),
(34, 5, 'Saturday', '09:30:00', '20:00:00', 32, '2026-03-16 13:20:59'),
(35, 5, 'Sunday', '09:30:00', '21:00:00', 31, '2026-03-09 20:33:25'),
(36, 6, 'Monday', '07:30:00', '22:30:00', 36, '2026-02-26 21:28:00'),
(37, 6, 'Tuesday', '07:00:00', '22:30:00', 40, '2026-02-21 03:48:25'),
(38, 6, 'Wednesday', '07:00:00', '22:30:00', 31, '2026-04-15 21:44:25'),
(39, 6, 'Thursday', '07:00:00', '23:00:00', 35, '2026-03-28 17:45:19'),
(40, 6, 'Friday', '07:00:00', '22:00:00', 37, '2026-04-15 00:30:36'),
(41, 6, 'Saturday', '09:00:00', '19:30:00', 38, '2026-03-15 19:29:39'),
(42, 6, 'Sunday', '09:00:00', '21:00:00', 37, '2026-02-17 17:36:49'),
(43, 7, 'Monday', '07:30:00', '23:00:00', 32, '2026-02-17 13:50:19'),
(44, 7, 'Tuesday', '07:00:00', '23:00:00', 37, '2026-03-23 06:25:50'),
(45, 7, 'Wednesday', '07:00:00', '23:00:00', 33, '2026-03-28 07:08:23'),
(46, 7, 'Thursday', '07:30:00', '22:30:00', 32, '2026-03-27 04:05:05'),
(47, 7, 'Friday', '07:30:00', '21:30:00', 31, '2026-04-03 19:51:47'),
(48, 7, 'Saturday', '09:00:00', '20:00:00', 31, '2026-03-19 06:27:29'),
(49, 7, 'Sunday', '09:00:00', '21:00:00', 36, '2026-04-03 20:13:04'),
(50, 8, 'Monday', '07:00:00', '23:00:00', 39, '2026-03-03 18:24:33'),
(51, 8, 'Tuesday', '07:00:00', '23:00:00', 34, '2026-03-01 03:14:56'),
(52, 8, 'Wednesday', '07:30:00', '23:00:00', 31, '2026-04-13 19:16:01'),
(53, 8, 'Thursday', '07:30:00', '23:00:00', 39, '2026-04-11 01:33:04'),
(54, 8, 'Friday', '07:00:00', '22:00:00', 39, '2026-03-26 13:10:40'),
(55, 8, 'Saturday', '09:00:00', '20:00:00', 34, '2026-03-26 04:00:13'),
(56, 8, 'Sunday', '09:30:00', '21:00:00', 40, '2026-02-27 23:40:49'),
(57, 9, 'Monday', '07:00:00', '23:00:00', 40, '2026-03-31 15:46:14'),
(58, 9, 'Tuesday', '07:00:00', '23:00:00', 40, '2026-02-19 23:38:37'),
(59, 9, 'Wednesday', '07:00:00', '23:00:00', 34, '2026-04-16 14:55:51'),
(60, 9, 'Thursday', '07:00:00', '23:00:00', 39, '2026-02-22 18:49:29'),
(61, 9, 'Friday', '07:00:00', '21:30:00', 33, '2026-02-22 01:03:17'),
(62, 9, 'Saturday', '09:30:00', '20:00:00', 36, '2026-03-16 03:11:39'),
(63, 9, 'Sunday', '09:00:00', '21:00:00', 39, '2026-03-22 21:45:10'),
(64, 10, 'Monday', '07:00:00', '23:00:00', 35, '2026-04-03 07:53:01'),
(65, 10, 'Tuesday', '07:30:00', '23:00:00', 39, '2026-03-11 15:57:44'),
(66, 10, 'Wednesday', '07:00:00', '23:00:00', 40, '2026-04-17 09:47:56'),
(67, 10, 'Thursday', '07:00:00', '22:30:00', 40, '2026-03-09 19:31:17'),
(68, 10, 'Friday', '07:00:00', '21:30:00', 39, '2026-04-05 18:59:04'),
(69, 10, 'Saturday', '09:00:00', '20:00:00', 31, '2026-02-27 11:26:34'),
(70, 10, 'Sunday', '09:00:00', '21:00:00', 38, '2026-02-20 12:36:28'),
(71, 11, 'Monday', '07:00:00', '23:00:00', 38, '2026-04-16 12:33:56'),
(72, 11, 'Tuesday', '07:00:00', '22:30:00', 39, '2026-03-01 14:35:00'),
(73, 11, 'Wednesday', '07:00:00', '22:30:00', 40, '2026-04-05 09:00:21'),
(74, 11, 'Thursday', '07:00:00', '22:30:00', 32, '2026-04-09 23:06:59'),
(75, 11, 'Friday', '07:30:00', '22:00:00', 34, '2026-04-04 15:22:24'),
(76, 11, 'Saturday', '09:00:00', '19:30:00', 33, '2026-03-02 22:23:46'),
(77, 11, 'Sunday', '09:30:00', '21:00:00', 36, '2026-02-23 05:17:26'),
(78, 12, 'Monday', '07:00:00', '22:30:00', 33, '2026-04-16 15:30:17'),
(79, 12, 'Tuesday', '07:00:00', '23:00:00', 35, '2026-02-19 03:47:31'),
(80, 12, 'Wednesday', '07:00:00', '22:30:00', 34, '2026-03-19 11:34:36'),
(81, 12, 'Thursday', '07:00:00', '23:00:00', 31, '2026-04-04 13:21:09'),
(82, 12, 'Friday', '07:30:00', '22:00:00', 32, '2026-04-14 17:04:59'),
(83, 12, 'Saturday', '09:30:00', '19:30:00', 39, '2026-03-13 08:50:52'),
(84, 12, 'Sunday', '09:30:00', '21:00:00', 33, '2026-03-17 00:06:05'),
(85, 13, 'Monday', '07:30:00', '23:00:00', 39, '2026-04-06 00:38:46'),
(86, 13, 'Tuesday', '07:30:00', '23:00:00', 37, '2026-03-06 09:41:04'),
(87, 13, 'Wednesday', '07:00:00', '23:00:00', 38, '2026-02-18 02:58:56'),
(88, 13, 'Thursday', '07:00:00', '22:30:00', 38, '2026-03-10 09:40:53'),
(89, 13, 'Friday', '07:30:00', '22:00:00', 31, '2026-04-06 23:23:48'),
(90, 13, 'Saturday', '09:00:00', '19:30:00', 37, '2026-03-14 06:48:41'),
(91, 13, 'Sunday', '09:00:00', '20:30:00', 38, '2026-04-08 09:43:28'),
(92, 14, 'Monday', '07:00:00', '22:30:00', 33, '2026-03-14 01:06:58'),
(93, 14, 'Tuesday', '07:00:00', '23:00:00', 33, '2026-02-21 23:32:23'),
(94, 14, 'Wednesday', '07:00:00', '23:00:00', 31, '2026-02-21 19:03:23'),
(95, 14, 'Thursday', '07:00:00', '22:30:00', 33, '2026-04-09 19:41:32'),
(96, 14, 'Friday', '07:00:00', '22:00:00', 39, '2026-02-26 06:53:32'),
(97, 14, 'Saturday', '09:30:00', '20:00:00', 34, '2026-04-10 21:39:32'),
(98, 14, 'Sunday', '09:00:00', '20:30:00', 34, '2026-03-24 21:40:17'),
(99, 15, 'Monday', '07:30:00', '22:30:00', 36, '2026-03-06 11:39:29'),
(100, 15, 'Tuesday', '07:00:00', '22:30:00', 37, '2026-03-11 23:08:16'),
(101, 15, 'Wednesday', '07:00:00', '23:00:00', 39, '2026-02-21 21:56:29'),
(102, 15, 'Thursday', '07:00:00', '22:30:00', 40, '2026-02-28 01:06:04'),
(103, 15, 'Friday', '07:00:00', '21:30:00', 32, '2026-04-09 16:10:09'),
(104, 15, 'Saturday', '09:00:00', '20:00:00', 37, '2026-03-03 04:30:50'),
(105, 15, 'Sunday', '09:00:00', '21:00:00', 35, '2026-02-23 00:48:28'),
(106, 16, 'Monday', '07:00:00', '22:30:00', 38, '2026-03-05 00:04:16'),
(107, 16, 'Tuesday', '07:00:00', '22:30:00', 35, '2026-03-14 23:50:39'),
(108, 16, 'Wednesday', '07:00:00', '23:00:00', 32, '2026-03-14 20:48:38'),
(109, 16, 'Thursday', '07:00:00', '22:30:00', 35, '2026-03-18 01:09:28'),
(110, 16, 'Friday', '07:30:00', '22:00:00', 39, '2026-03-08 21:19:53'),
(111, 16, 'Saturday', '09:30:00', '19:30:00', 39, '2026-03-19 20:02:18'),
(112, 16, 'Sunday', '09:00:00', '21:00:00', 40, '2026-03-11 05:08:17'),
(113, 17, 'Monday', '07:00:00', '23:00:00', 36, '2026-03-09 22:17:40'),
(114, 17, 'Tuesday', '07:30:00', '23:00:00', 37, '2026-04-12 13:31:01'),
(115, 17, 'Wednesday', '07:30:00', '23:00:00', 36, '2026-03-31 14:39:18'),
(116, 17, 'Thursday', '07:00:00', '23:00:00', 39, '2026-04-17 10:11:04'),
(117, 17, 'Friday', '07:00:00', '21:30:00', 31, '2026-03-28 22:56:41'),
(118, 17, 'Saturday', '09:30:00', '20:00:00', 40, '2026-03-14 10:09:37'),
(119, 17, 'Sunday', '09:00:00', '20:30:00', 33, '2026-03-28 14:56:10'),
(120, 18, 'Monday', '07:00:00', '23:00:00', 31, '2026-02-24 06:13:44'),
(121, 18, 'Tuesday', '07:30:00', '23:00:00', 39, '2026-03-24 19:48:11'),
(122, 18, 'Wednesday', '07:00:00', '22:30:00', 31, '2026-03-22 21:37:32'),
(123, 18, 'Thursday', '07:00:00', '23:00:00', 37, '2026-04-01 10:57:35'),
(124, 18, 'Friday', '07:30:00', '21:30:00', 37, '2026-03-30 11:17:38'),
(125, 18, 'Saturday', '09:30:00', '20:00:00', 36, '2026-04-13 10:01:24'),
(126, 18, 'Sunday', '09:30:00', '21:00:00', 35, '2026-03-31 18:42:16'),
(127, 19, 'Monday', '07:00:00', '23:00:00', 40, '2026-03-01 15:46:53'),
(128, 19, 'Tuesday', '07:00:00', '23:00:00', 33, '2026-03-06 10:33:47'),
(129, 19, 'Wednesday', '07:30:00', '22:30:00', 33, '2026-02-17 09:09:01'),
(130, 19, 'Thursday', '07:30:00', '23:00:00', 40, '2026-02-19 02:41:07'),
(131, 19, 'Friday', '07:00:00', '21:30:00', 36, '2026-03-17 02:51:26'),
(132, 19, 'Saturday', '09:00:00', '19:30:00', 32, '2026-04-08 15:57:53'),
(133, 19, 'Sunday', '09:30:00', '20:30:00', 31, '2026-04-11 02:47:37'),
(134, 20, 'Monday', '07:30:00', '23:00:00', 40, '2026-03-29 00:25:10'),
(135, 20, 'Tuesday', '07:00:00', '22:30:00', 40, '2026-03-18 01:31:17'),
(136, 20, 'Wednesday', '07:00:00', '23:00:00', 40, '2026-03-18 05:23:42'),
(137, 20, 'Thursday', '07:30:00', '23:00:00', 35, '2026-03-11 17:03:16'),
(138, 20, 'Friday', '07:00:00', '22:00:00', 35, '2026-04-03 21:55:02'),
(139, 20, 'Saturday', '09:30:00', '19:30:00', 36, '2026-02-22 08:20:07'),
(140, 20, 'Sunday', '09:00:00', '20:30:00', 31, '2026-04-15 17:08:46'),
(141, 21, 'Monday', '07:30:00', '23:00:00', 39, '2026-02-25 20:45:59'),
(142, 21, 'Tuesday', '07:30:00', '23:00:00', 34, '2026-04-02 10:33:02'),
(143, 21, 'Wednesday', '07:00:00', '23:00:00', 38, '2026-04-15 15:30:38'),
(144, 21, 'Thursday', '07:00:00', '23:00:00', 36, '2026-03-13 22:55:06'),
(145, 21, 'Friday', '07:00:00', '22:00:00', 37, '2026-03-02 06:14:24'),
(146, 21, 'Saturday', '09:00:00', '19:30:00', 33, '2026-03-22 18:54:34'),
(147, 21, 'Sunday', '09:00:00', '20:30:00', 32, '2026-03-09 11:22:27'),
(148, 22, 'Monday', '07:00:00', '23:00:00', 38, '2026-04-10 14:39:16'),
(149, 22, 'Tuesday', '07:30:00', '23:00:00', 31, '2026-03-25 09:25:04'),
(150, 22, 'Wednesday', '07:00:00', '23:00:00', 34, '2026-03-31 21:32:51'),
(151, 22, 'Thursday', '07:30:00', '23:00:00', 37, '2026-03-20 07:00:58'),
(152, 22, 'Friday', '07:00:00', '21:30:00', 40, '2026-03-05 12:48:59'),
(153, 22, 'Saturday', '09:30:00', '19:30:00', 36, '2026-04-17 16:41:49'),
(154, 22, 'Sunday', '09:30:00', '20:30:00', 32, '2026-03-12 06:11:54'),
(155, 23, 'Monday', '07:00:00', '23:00:00', 31, '2026-03-04 09:55:56'),
(156, 23, 'Tuesday', '07:00:00', '23:00:00', 38, '2026-04-01 11:25:33'),
(157, 23, 'Wednesday', '07:00:00', '23:00:00', 40, '2026-04-05 08:52:17'),
(158, 23, 'Thursday', '07:00:00', '23:00:00', 32, '2026-04-02 10:34:10'),
(159, 23, 'Friday', '07:00:00', '22:00:00', 32, '2026-03-17 11:17:30'),
(160, 23, 'Saturday', '09:00:00', '20:00:00', 39, '2026-02-28 21:25:00'),
(161, 23, 'Sunday', '09:00:00', '21:00:00', 37, '2026-04-11 02:15:41'),
(162, 24, 'Monday', '07:00:00', '22:30:00', 35, '2026-03-01 19:59:29'),
(163, 24, 'Tuesday', '07:30:00', '23:00:00', 40, '2026-02-20 19:45:49'),
(164, 24, 'Wednesday', '07:00:00', '23:00:00', 36, '2026-04-06 02:18:10'),
(165, 24, 'Thursday', '07:00:00', '22:30:00', 39, '2026-03-30 11:29:49'),
(166, 24, 'Friday', '07:00:00', '22:00:00', 39, '2026-04-01 21:10:53'),
(167, 24, 'Saturday', '09:00:00', '19:30:00', 32, '2026-03-12 17:33:50'),
(168, 24, 'Sunday', '09:00:00', '21:00:00', 39, '2026-02-24 09:29:44'),
(169, 25, 'Monday', '07:30:00', '23:00:00', 35, '2026-03-24 13:26:34'),
(170, 25, 'Tuesday', '07:00:00', '23:00:00', 31, '2026-03-01 04:04:28'),
(171, 25, 'Wednesday', '07:00:00', '23:00:00', 37, '2026-04-14 22:10:26'),
(172, 25, 'Thursday', '07:00:00', '22:30:00', 35, '2026-04-14 06:39:49'),
(173, 25, 'Friday', '07:00:00', '22:00:00', 38, '2026-03-10 13:24:24'),
(174, 25, 'Saturday', '09:30:00', '19:30:00', 34, '2026-03-11 15:23:52'),
(175, 25, 'Sunday', '09:00:00', '21:00:00', 38, '2026-04-13 09:28:52'),
(176, 26, 'Monday', '07:30:00', '23:00:00', 34, '2026-03-23 15:56:43'),
(177, 26, 'Tuesday', '07:30:00', '22:30:00', 40, '2026-04-10 13:52:10'),
(178, 26, 'Wednesday', '07:30:00', '23:00:00', 33, '2026-02-17 06:08:25'),
(179, 26, 'Thursday', '07:00:00', '23:00:00', 40, '2026-02-17 20:56:53'),
(180, 26, 'Friday', '07:30:00', '22:00:00', 31, '2026-03-11 17:13:03'),
(181, 26, 'Saturday', '09:00:00', '19:30:00', 35, '2026-02-25 03:53:27'),
(182, 26, 'Sunday', '09:30:00', '21:00:00', 31, '2026-04-15 20:35:16'),
(183, 27, 'Monday', '07:30:00', '23:00:00', 36, '2026-04-01 21:45:56'),
(184, 27, 'Tuesday', '07:30:00', '23:00:00', 38, '2026-03-16 14:39:35'),
(185, 27, 'Wednesday', '07:00:00', '22:30:00', 31, '2026-03-10 14:47:38'),
(186, 27, 'Thursday', '07:30:00', '23:00:00', 39, '2026-02-22 02:27:19'),
(187, 27, 'Friday', '07:30:00', '22:00:00', 37, '2026-03-15 19:23:46'),
(188, 27, 'Saturday', '09:00:00', '20:00:00', 32, '2026-04-03 20:37:34'),
(189, 27, 'Sunday', '09:00:00', '20:30:00', 31, '2026-02-28 18:00:35'),
(190, 28, 'Monday', '07:00:00', '23:00:00', 32, '2026-02-26 06:19:38'),
(191, 28, 'Tuesday', '07:00:00', '23:00:00', 37, '2026-02-17 08:41:41'),
(192, 28, 'Wednesday', '07:00:00', '22:30:00', 33, '2026-02-18 15:42:39'),
(193, 28, 'Thursday', '07:30:00', '23:00:00', 37, '2026-03-13 10:39:15'),
(194, 28, 'Friday', '07:00:00', '21:30:00', 33, '2026-03-06 11:43:31'),
(195, 28, 'Saturday', '09:30:00', '20:00:00', 31, '2026-03-23 02:12:21'),
(196, 28, 'Sunday', '09:00:00', '20:30:00', 40, '2026-02-26 17:44:02'),
(197, 29, 'Monday', '07:00:00', '22:30:00', 35, '2026-04-05 12:24:06'),
(198, 29, 'Tuesday', '07:00:00', '22:30:00', 33, '2026-03-24 21:51:52'),
(199, 29, 'Wednesday', '07:00:00', '23:00:00', 39, '2026-04-11 08:36:50'),
(200, 29, 'Thursday', '07:00:00', '22:30:00', 32, '2026-03-10 19:39:20'),
(201, 29, 'Friday', '07:30:00', '22:00:00', 39, '2026-03-04 04:20:17'),
(202, 29, 'Saturday', '09:00:00', '20:00:00', 33, '2026-03-11 17:25:21'),
(203, 29, 'Sunday', '09:00:00', '21:00:00', 38, '2026-03-28 00:47:58'),
(204, 30, 'Monday', '07:00:00', '23:00:00', 35, '2026-02-28 00:45:05'),
(205, 30, 'Tuesday', '07:00:00', '22:30:00', 35, '2026-02-24 08:19:03'),
(206, 30, 'Wednesday', '07:00:00', '23:00:00', 38, '2026-03-29 22:10:22'),
(207, 30, 'Thursday', '07:00:00', '22:30:00', 33, '2026-03-12 04:18:09'),
(208, 30, 'Friday', '07:00:00', '22:00:00', 35, '2026-04-14 23:10:37'),
(209, 30, 'Saturday', '09:00:00', '20:00:00', 31, '2026-04-09 00:21:45'),
(210, 30, 'Sunday', '09:00:00', '20:30:00', 37, '2026-03-01 18:27:11'),
(211, 31, 'Monday', '07:30:00', '23:00:00', 40, '2026-04-07 23:36:10'),
(212, 31, 'Tuesday', '07:00:00', '23:00:00', 35, '2026-04-15 12:54:13'),
(213, 31, 'Wednesday', '07:00:00', '22:30:00', 37, '2026-02-20 20:25:59'),
(214, 31, 'Thursday', '07:30:00', '23:00:00', 39, '2026-02-27 20:19:20'),
(215, 31, 'Friday', '07:00:00', '22:00:00', 40, '2026-03-27 01:09:55'),
(216, 31, 'Saturday', '09:00:00', '20:00:00', 32, '2026-03-07 09:49:24'),
(217, 31, 'Sunday', '09:00:00', '21:00:00', 36, '2026-04-04 05:19:44'),
(218, 32, 'Monday', '07:00:00', '23:00:00', 34, '2026-03-10 12:52:22'),
(219, 32, 'Tuesday', '07:00:00', '22:30:00', 33, '2026-03-25 06:11:04'),
(220, 32, 'Wednesday', '07:30:00', '23:00:00', 39, '2026-04-13 08:52:00'),
(221, 32, 'Thursday', '07:00:00', '23:00:00', 38, '2026-03-07 09:27:32'),
(222, 32, 'Friday', '07:00:00', '22:00:00', 39, '2026-03-29 05:18:12'),
(223, 32, 'Saturday', '09:00:00', '20:00:00', 40, '2026-04-12 14:16:53'),
(224, 32, 'Sunday', '09:30:00', '20:30:00', 37, '2026-02-19 19:00:13'),
(225, 33, 'Monday', '07:30:00', '23:00:00', 31, '2026-03-26 13:55:06'),
(226, 33, 'Tuesday', '07:30:00', '23:00:00', 31, '2026-03-08 19:01:27'),
(227, 33, 'Wednesday', '07:00:00', '23:00:00', 31, '2026-04-08 11:50:33'),
(228, 33, 'Thursday', '07:00:00', '23:00:00', 35, '2026-03-23 01:23:50'),
(229, 33, 'Friday', '07:30:00', '22:00:00', 31, '2026-03-03 04:20:53'),
(230, 33, 'Saturday', '09:00:00', '20:00:00', 35, '2026-02-17 21:43:53'),
(231, 33, 'Sunday', '09:00:00', '21:00:00', 35, '2026-02-28 04:49:35'),
(232, 34, 'Monday', '07:00:00', '22:30:00', 39, '2026-03-05 22:37:44'),
(233, 34, 'Tuesday', '07:00:00', '23:00:00', 38, '2026-03-13 02:19:24'),
(234, 34, 'Wednesday', '07:00:00', '23:00:00', 34, '2026-03-14 12:48:21'),
(235, 34, 'Thursday', '07:30:00', '22:30:00', 33, '2026-04-09 23:04:02'),
(236, 34, 'Friday', '07:00:00', '22:00:00', 35, '2026-03-16 10:36:06'),
(237, 34, 'Saturday', '09:00:00', '19:30:00', 40, '2026-04-17 09:01:05'),
(238, 34, 'Sunday', '09:00:00', '21:00:00', 35, '2026-04-17 02:56:07'),
(239, 35, 'Monday', '07:30:00', '22:30:00', 32, '2026-04-01 20:24:10'),
(240, 35, 'Tuesday', '07:00:00', '23:00:00', 31, '2026-03-25 03:01:02'),
(241, 35, 'Wednesday', '07:30:00', '23:00:00', 32, '2026-04-02 19:37:37'),
(242, 35, 'Thursday', '07:00:00', '23:00:00', 37, '2026-03-07 13:59:41'),
(243, 35, 'Friday', '07:00:00', '22:00:00', 39, '2026-03-12 08:31:26'),
(244, 35, 'Saturday', '09:00:00', '19:30:00', 37, '2026-03-15 23:09:54'),
(245, 35, 'Sunday', '09:30:00', '21:00:00', 40, '2026-02-24 13:00:41'),
(246, 36, 'Monday', '07:30:00', '22:30:00', 32, '2026-04-14 15:20:15'),
(247, 36, 'Tuesday', '07:30:00', '22:30:00', 35, '2026-03-24 16:57:55'),
(248, 36, 'Wednesday', '07:30:00', '22:30:00', 31, '2026-03-28 18:08:11'),
(249, 36, 'Thursday', '07:00:00', '23:00:00', 32, '2026-04-09 00:18:21'),
(250, 36, 'Friday', '07:30:00', '22:00:00', 33, '2026-03-20 20:45:09'),
(251, 36, 'Saturday', '09:00:00', '19:30:00', 40, '2026-02-19 22:35:22'),
(252, 36, 'Sunday', '09:00:00', '20:30:00', 34, '2026-03-11 17:27:12');
INSERT INTO crowd_measurements (measurement_id, location_id, measured_at, crowd_count, crowd_level, occupancy_percent, source_label, is_valid, created_at) VALUES
(1, 1, '2026-04-07 09:00:00', 608, 'High', 74.78, 'sensor', 1, '2026-04-07 09:03:44'),
(2, 1, '2026-04-05 13:00:00', 98, 'Low', 12.05, 'manual', 1, '2026-04-05 13:17:37'),
(3, 1, '2026-04-06 16:00:00', 171, 'Low', 21.03, 'manual', 1, '2026-04-06 16:03:15'),
(4, 1, '2026-04-08 20:00:00', 538, 'Moderate', 66.17, 'manual', 1, '2026-04-08 20:53:05'),
(5, 1, '2026-04-11 02:00:00', 494, 'Moderate', 60.76, 'sensor', 1, '2026-04-11 02:22:01'),
(6, 1, '2026-04-02 06:00:00', 465, 'Moderate', 57.2, 'manual', 1, '2026-04-02 06:39:41'),
(7, 1, '2026-04-04 08:00:00', 475, 'Moderate', 58.43, 'sensor', 1, '2026-04-04 08:34:20'),
(8, 1, '2026-04-07 12:00:00', 100, 'Low', 12.3, 'camera', 1, '2026-04-07 12:01:20'),
(9, 1, '2026-04-09 16:00:00', 348, 'Moderate', 42.8, 'turnstile', 1, '2026-04-09 16:29:14'),
(10, 1, '2026-04-09 21:00:00', 221, 'Low', 27.18, 'sensor', 1, '2026-04-09 21:32:42'),
(11, 2, '2026-04-01 10:00:00', 774, 'High', 88.15, 'turnstile', 1, '2026-04-01 10:06:03'),
(12, 2, '2026-04-09 14:00:00', 245, 'Low', 27.9, 'sensor', 1, '2026-04-09 14:31:20'),
(13, 2, '2026-04-05 16:00:00', 309, 'Moderate', 35.19, 'sensor', 1, '2026-04-05 16:49:12'),
(14, 2, '2026-04-05 22:00:00', 114, 'Low', 12.98, 'camera', 0, '2026-04-05 22:07:37'),
(15, 2, '2026-04-10 00:00:00', 787, 'High', 89.64, 'camera', 1, '2026-04-10 00:12:27'),
(16, 2, '2026-04-05 06:00:00', 270, 'Low', 30.75, 'manual', 1, '2026-04-05 06:06:58'),
(17, 2, '2026-04-07 09:00:00', 626, 'High', 71.3, 'camera', 1, '2026-04-07 09:41:45'),
(18, 2, '2026-04-04 13:00:00', 356, 'Moderate', 40.55, 'camera', 0, '2026-04-04 13:34:16'),
(19, 2, '2026-04-08 16:00:00', 106, 'Low', 12.07, 'sensor', 1, '2026-04-08 16:10:58'),
(20, 2, '2026-04-09 22:00:00', 313, 'Moderate', 35.65, 'manual', 1, '2026-04-09 22:49:23'),
(21, 3, '2026-04-01 10:00:00', 164, 'High', 90.61, 'camera', 1, '2026-04-01 10:05:31'),
(22, 3, '2026-04-07 14:00:00', 68, 'Moderate', 37.57, 'sensor', 1, '2026-04-07 14:48:25'),
(23, 3, '2026-04-06 16:00:00', 40, 'Low', 22.1, 'camera', 1, '2026-04-06 16:15:15'),
(24, 3, '2026-04-05 22:00:00', 126, 'Moderate', 69.61, 'turnstile', 1, '2026-04-05 22:14:35'),
(25, 3, '2026-04-09 01:00:00', 64, 'Moderate', 35.36, 'manual', 1, '2026-04-09 01:01:44'),
(26, 3, '2026-04-02 05:00:00', 38, 'Low', 20.99, 'manual', 1, '2026-04-02 05:58:40'),
(27, 3, '2026-04-02 09:00:00', 152, 'High', 83.98, 'camera', 1, '2026-04-02 09:40:42'),
(28, 3, '2026-04-02 12:00:00', 47, 'Low', 25.97, 'camera', 1, '2026-04-02 12:08:08'),
(29, 3, '2026-04-05 18:00:00', 92, 'Moderate', 50.83, 'manual', 1, '2026-04-05 18:18:12'),
(30, 3, '2026-04-11 21:00:00', 114, 'Moderate', 62.98, 'turnstile', 1, '2026-04-11 21:50:23'),
(31, 4, '2026-04-06 08:00:00', 296, 'High', 91.93, 'turnstile', 1, '2026-04-06 08:12:30'),
(32, 4, '2026-04-07 13:00:00', 19, 'Low', 5.9, 'camera', 1, '2026-04-07 13:26:48'),
(33, 4, '2026-04-04 17:00:00', 260, 'High', 80.75, 'sensor', 1, '2026-04-04 17:17:56'),
(34, 4, '2026-04-03 21:00:00', 134, 'Moderate', 41.61, 'sensor', 1, '2026-04-03 21:08:56'),
(35, 4, '2026-04-04 00:00:00', 145, 'Moderate', 45.03, 'manual', 1, '2026-04-04 00:21:44'),
(36, 4, '2026-04-06 06:00:00', 121, 'Moderate', 37.58, 'sensor', 1, '2026-04-06 06:08:14'),
(37, 4, '2026-04-10 09:00:00', 126, 'Moderate', 39.13, 'camera', 1, '2026-04-10 09:28:40'),
(38, 4, '2026-04-08 13:00:00', 195, 'Moderate', 60.56, 'camera', 1, '2026-04-08 13:35:20'),
(39, 4, '2026-04-04 18:00:00', 165, 'Moderate', 51.24, 'camera', 1, '2026-04-04 18:40:15'),
(40, 4, '2026-04-10 20:00:00', 206, 'Moderate', 63.98, 'sensor', 1, '2026-04-10 20:10:36'),
(41, 5, '2026-04-05 09:00:00', 168, 'Moderate', 65.88, 'turnstile', 1, '2026-04-05 09:58:46'),
(42, 5, '2026-04-04 14:00:00', 95, 'Moderate', 37.25, 'camera', 1, '2026-04-04 14:29:49'),
(43, 5, '2026-04-10 18:00:00', 64, 'Low', 25.1, 'turnstile', 1, '2026-04-10 18:29:39'),
(44, 5, '2026-04-10 22:00:00', 206, 'High', 80.78, 'camera', 1, '2026-04-10 22:16:51'),
(45, 5, '2026-04-09 00:00:00', 20, 'Low', 7.84, 'camera', 1, '2026-04-09 00:48:45'),
(46, 5, '2026-04-02 05:00:00', 83, 'Low', 32.55, 'turnstile', 1, '2026-04-02 05:09:08'),
(47, 5, '2026-04-10 09:00:00', 144, 'Moderate', 56.47, 'camera', 1, '2026-04-10 09:36:13'),
(48, 5, '2026-04-03 12:00:00', 193, 'High', 75.69, 'camera', 1, '2026-04-03 12:26:47'),
(49, 5, '2026-04-02 18:00:00', 197, 'High', 77.25, 'manual', 1, '2026-04-02 18:41:36'),
(50, 5, '2026-04-09 21:00:00', 124, 'Moderate', 48.63, 'sensor', 1, '2026-04-09 21:12:22'),
(51, 6, '2026-04-02 10:00:00', 441, 'Moderate', 55.06, 'sensor', 1, '2026-04-02 10:59:31'),
(52, 6, '2026-04-04 13:00:00', 424, 'Moderate', 52.93, 'manual', 1, '2026-04-04 13:45:14'),
(53, 6, '2026-04-06 18:00:00', 523, 'Moderate', 65.29, 'manual', 1, '2026-04-06 18:09:06'),
(54, 6, '2026-04-05 21:00:00', 342, 'Moderate', 42.7, 'camera', 1, '2026-04-05 21:14:23'),
(55, 6, '2026-04-11 01:00:00', 361, 'Moderate', 45.07, 'manual', 1, '2026-04-11 01:50:33'),
(56, 6, '2026-04-07 05:00:00', 386, 'Moderate', 48.19, 'manual', 1, '2026-04-07 05:10:09'),
(57, 6, '2026-04-03 08:00:00', 431, 'Moderate', 53.81, 'camera', 1, '2026-04-03 08:10:01'),
(58, 6, '2026-04-05 14:00:00', 184, 'Low', 22.97, 'sensor', 1, '2026-04-05 14:21:21'),
(59, 6, '2026-04-09 18:00:00', 260, 'Low', 32.46, 'camera', 1, '2026-04-09 18:33:22'),
(60, 6, '2026-04-05 21:00:00', 511, 'Moderate', 63.8, 'camera', 1, '2026-04-05 21:07:27'),
(61, 7, '2026-04-01 09:00:00', 85, 'High', 82.52, 'manual', 1, '2026-04-01 09:16:28'),
(62, 7, '2026-04-06 14:00:00', 19, 'Low', 18.45, 'sensor', 1, '2026-04-06 14:53:31'),
(63, 7, '2026-04-10 16:00:00', 52, 'Moderate', 50.49, 'turnstile', 1, '2026-04-10 16:39:29'),
(64, 7, '2026-04-09 21:00:00', 46, 'Moderate', 44.66, 'manual', 1, '2026-04-09 21:07:33'),
(65, 7, '2026-04-02 02:00:00', 79, 'High', 76.7, 'camera', 1, '2026-04-02 02:24:41'),
(66, 7, '2026-04-02 06:00:00', 16, 'Low', 15.53, 'camera', 1, '2026-04-02 06:42:06'),
(67, 7, '2026-04-04 08:00:00', 63, 'Moderate', 61.17, 'turnstile', 1, '2026-04-04 08:00:56'),
(68, 7, '2026-04-09 14:00:00', 24, 'Low', 23.3, 'turnstile', 1, '2026-04-09 14:04:11'),
(69, 7, '2026-04-10 17:00:00', 48, 'Moderate', 46.6, 'sensor', 1, '2026-04-10 17:39:55'),
(70, 7, '2026-04-09 20:00:00', 43, 'Moderate', 41.75, 'sensor', 1, '2026-04-09 20:31:16'),
(71, 8, '2026-04-02 10:00:00', 168, 'Moderate', 47.19, 'sensor', 1, '2026-04-02 10:25:25'),
(72, 8, '2026-04-05 13:00:00', 133, 'Moderate', 37.36, 'manual', 1, '2026-04-05 13:38:40'),
(73, 8, '2026-04-09 17:00:00', 92, 'Low', 25.84, 'manual', 1, '2026-04-09 17:31:48'),
(74, 8, '2026-04-07 22:00:00', 115, 'Low', 32.3, 'turnstile', 1, '2026-04-07 22:56:33'),
(75, 8, '2026-04-09 02:00:00', 269, 'High', 75.56, 'manual', 1, '2026-04-09 02:23:20'),
(76, 8, '2026-04-10 06:00:00', 34, 'Low', 9.55, 'sensor', 1, '2026-04-10 06:20:46'),
(77, 8, '2026-04-07 08:00:00', 84, 'Low', 23.6, 'camera', 1, '2026-04-07 08:26:51'),
(78, 8, '2026-04-04 14:00:00', 23, 'Low', 6.46, 'sensor', 1, '2026-04-04 14:51:49'),
(79, 8, '2026-04-10 18:00:00', 223, 'Moderate', 62.64, 'camera', 1, '2026-04-10 18:51:58'),
(80, 8, '2026-04-05 22:00:00', 153, 'Moderate', 42.98, 'sensor', 1, '2026-04-05 22:40:09'),
(81, 9, '2026-04-08 09:00:00', 266, 'Moderate', 52.88, 'camera', 1, '2026-04-08 09:54:30'),
(82, 9, '2026-04-06 14:00:00', 204, 'Moderate', 40.56, 'turnstile', 0, '2026-04-06 14:41:43'),
(83, 9, '2026-04-05 16:00:00', 363, 'High', 72.17, 'manual', 1, '2026-04-05 16:30:02'),
(84, 9, '2026-04-05 20:00:00', 40, 'Low', 7.95, 'turnstile', 0, '2026-04-05 20:23:15'),
(85, 9, '2026-04-11 02:00:00', 287, 'Moderate', 57.06, 'sensor', 1, '2026-04-11 02:13:41'),
(86, 9, '2026-04-09 06:00:00', 255, 'Moderate', 50.7, 'camera', 1, '2026-04-09 06:24:42'),
(87, 9, '2026-04-09 09:00:00', 310, 'Moderate', 61.63, 'sensor', 1, '2026-04-09 09:48:54'),
(88, 9, '2026-04-11 12:00:00', 75, 'Low', 14.91, 'manual', 1, '2026-04-11 12:27:54'),
(89, 9, '2026-04-04 18:00:00', 264, 'Moderate', 52.49, 'sensor', 1, '2026-04-04 18:32:30'),
(90, 9, '2026-04-04 20:00:00', 301, 'Moderate', 59.84, 'turnstile', 1, '2026-04-04 20:52:24'),
(91, 10, '2026-04-07 08:00:00', 615, 'High', 86.01, 'manual', 1, '2026-04-07 08:13:08'),
(92, 10, '2026-04-09 12:00:00', 409, 'Moderate', 57.2, 'sensor', 1, '2026-04-09 12:07:28'),
(93, 10, '2026-04-10 18:00:00', 345, 'Moderate', 48.25, 'manual', 1, '2026-04-10 18:29:52'),
(94, 10, '2026-04-06 21:00:00', 438, 'Moderate', 61.26, 'camera', 1, '2026-04-06 21:00:37'),
(95, 10, '2026-04-02 00:00:00', 505, 'High', 70.63, 'manual', 1, '2026-04-02 00:13:47'),
(96, 10, '2026-04-07 04:00:00', 341, 'Moderate', 47.69, 'camera', 1, '2026-04-07 04:35:58'),
(97, 10, '2026-04-05 08:00:00', 512, 'High', 71.61, 'camera', 1, '2026-04-05 08:11:10'),
(98, 10, '2026-04-04 14:00:00', 212, 'Low', 29.65, 'sensor', 1, '2026-04-04 14:29:29'),
(99, 10, '2026-04-05 16:00:00', 386, 'Moderate', 53.99, 'manual', 0, '2026-04-05 16:47:43'),
(100, 10, '2026-04-05 21:00:00', 529, 'High', 73.99, 'turnstile', 1, '2026-04-05 21:17:14'),
(101, 11, '2026-04-06 08:00:00', 189, 'High', 75.6, 'manual', 1, '2026-04-06 08:12:44'),
(102, 11, '2026-04-01 12:00:00', 90, 'Moderate', 36.0, 'camera', 1, '2026-04-01 12:38:17'),
(103, 11, '2026-04-08 18:00:00', 193, 'High', 77.2, 'manual', 1, '2026-04-08 18:44:42'),
(104, 11, '2026-04-02 21:00:00', 206, 'High', 82.4, 'manual', 1, '2026-04-02 21:21:43'),
(105, 11, '2026-04-07 01:00:00', 121, 'Moderate', 48.4, 'camera', 1, '2026-04-07 01:34:40'),
(106, 11, '2026-04-08 05:00:00', 164, 'Moderate', 65.6, 'sensor', 1, '2026-04-08 05:23:01'),
(107, 11, '2026-04-04 10:00:00', 75, 'Low', 30.0, 'turnstile', 1, '2026-04-04 10:27:43'),
(108, 11, '2026-04-05 14:00:00', 65, 'Low', 26.0, 'manual', 1, '2026-04-05 14:33:36'),
(109, 11, '2026-04-02 17:00:00', 160, 'Moderate', 64.0, 'turnstile', 1, '2026-04-02 17:15:55'),
(110, 11, '2026-04-02 22:00:00', 83, 'Low', 33.2, 'manual', 1, '2026-04-02 22:41:07'),
(111, 12, '2026-04-01 09:00:00', 279, 'Moderate', 43.73, 'sensor', 1, '2026-04-01 09:04:11'),
(112, 12, '2026-04-02 14:00:00', 289, 'Moderate', 45.3, 'turnstile', 1, '2026-04-02 14:07:00'),
(113, 12, '2026-04-06 16:00:00', 378, 'Moderate', 59.25, 'sensor', 1, '2026-04-06 16:20:04'),
(114, 12, '2026-04-03 21:00:00', 385, 'Moderate', 60.34, 'turnstile', 1, '2026-04-03 21:29:44'),
(115, 12, '2026-04-06 01:00:00', 348, 'Moderate', 54.55, 'sensor', 1, '2026-04-06 01:46:56'),
(116, 12, '2026-04-11 04:00:00', 145, 'Low', 22.73, 'sensor', 1, '2026-04-11 04:16:21'),
(117, 12, '2026-04-02 09:00:00', 148, 'Low', 23.2, 'manual', 1, '2026-04-02 09:59:24'),
(118, 12, '2026-04-05 13:00:00', 341, 'Moderate', 53.45, 'turnstile', 1, '2026-04-05 13:27:16'),
(119, 12, '2026-04-04 16:00:00', 493, 'High', 77.27, 'sensor', 1, '2026-04-04 16:35:13'),
(120, 12, '2026-04-09 22:00:00', 394, 'Moderate', 61.76, 'sensor', 0, '2026-04-09 22:18:05'),
(121, 13, '2026-04-10 10:00:00', 205, 'Low', 25.22, 'manual', 1, '2026-04-10 10:14:00'),
(122, 13, '2026-04-10 14:00:00', 339, 'Moderate', 41.7, 'camera', 1, '2026-04-10 14:58:05'),
(123, 13, '2026-04-03 17:00:00', 446, 'Moderate', 54.86, 'camera', 1, '2026-04-03 17:42:43'),
(124, 13, '2026-04-02 20:00:00', 279, 'Low', 34.32, 'sensor', 1, '2026-04-02 20:55:03'),
(125, 13, '2026-04-06 02:00:00', 265, 'Low', 32.6, 'camera', 1, '2026-04-06 02:44:13'),
(126, 13, '2026-04-05 04:00:00', 120, 'Low', 14.76, 'sensor', 1, '2026-04-05 04:43:11'),
(127, 13, '2026-04-02 08:00:00', 418, 'Moderate', 51.41, 'camera', 1, '2026-04-02 08:30:30'),
(128, 13, '2026-04-06 12:00:00', 333, 'Moderate', 40.96, 'turnstile', 1, '2026-04-06 12:42:03'),
(129, 13, '2026-04-08 17:00:00', 527, 'Moderate', 64.82, 'turnstile', 1, '2026-04-08 17:33:26'),
(130, 13, '2026-04-09 21:00:00', 524, 'Moderate', 64.45, 'turnstile', 1, '2026-04-09 21:45:46'),
(131, 14, '2026-04-02 09:00:00', 326, 'Moderate', 63.06, 'turnstile', 1, '2026-04-02 09:54:45'),
(132, 14, '2026-04-10 13:00:00', 232, 'Moderate', 44.87, 'camera', 1, '2026-04-10 13:57:16'),
(133, 14, '2026-04-09 16:00:00', 145, 'Low', 28.05, 'camera', 1, '2026-04-09 16:16:59'),
(134, 14, '2026-04-07 20:00:00', 112, 'Low', 21.66, 'turnstile', 1, '2026-04-07 20:56:54'),
(135, 14, '2026-04-10 01:00:00', 209, 'Moderate', 40.43, 'camera', 1, '2026-04-10 01:33:45'),
(136, 14, '2026-04-07 06:00:00', 146, 'Low', 28.24, 'sensor', 1, '2026-04-07 06:58:44'),
(137, 14, '2026-04-07 09:00:00', 137, 'Low', 26.5, 'camera', 1, '2026-04-07 09:23:27'),
(138, 14, '2026-04-05 14:00:00', 221, 'Moderate', 42.75, 'turnstile', 1, '2026-04-05 14:31:06'),
(139, 14, '2026-04-11 18:00:00', 52, 'Low', 10.06, 'turnstile', 1, '2026-04-11 18:22:16'),
(140, 14, '2026-04-03 22:00:00', 138, 'Low', 26.69, 'camera', 1, '2026-04-03 22:09:44'),
(141, 15, '2026-04-06 10:00:00', 209, 'Low', 25.8, 'turnstile', 1, '2026-04-06 10:08:52'),
(142, 15, '2026-04-04 14:00:00', 220, 'Low', 27.16, 'manual', 1, '2026-04-04 14:41:06'),
(143, 15, '2026-04-03 16:00:00', 693, 'High', 85.56, 'manual', 1, '2026-04-03 16:01:39'),
(144, 15, '2026-04-06 20:00:00', 622, 'High', 76.79, 'camera', 1, '2026-04-06 20:09:27'),
(145, 15, '2026-04-09 00:00:00', 250, 'Low', 30.86, 'sensor', 1, '2026-04-09 00:51:17'),
(146, 15, '2026-04-07 06:00:00', 61, 'Low', 7.53, 'sensor', 1, '2026-04-07 06:39:47'),
(147, 15, '2026-04-10 10:00:00', 95, 'Low', 11.73, 'turnstile', 0, '2026-04-10 10:01:46'),
(148, 15, '2026-04-10 14:00:00', 84, 'Low', 10.37, 'sensor', 1, '2026-04-10 14:01:55'),
(149, 15, '2026-04-11 17:00:00', 471, 'Moderate', 58.15, 'turnstile', 1, '2026-04-11 17:07:16'),
(150, 15, '2026-04-06 20:00:00', 181, 'Low', 22.35, 'camera', 1, '2026-04-06 20:32:06'),
(151, 16, '2026-04-08 10:00:00', 169, 'Moderate', 51.37, 'manual', 1, '2026-04-08 10:44:30'),
(152, 16, '2026-04-04 14:00:00', 107, 'Low', 32.52, 'manual', 1, '2026-04-04 14:53:37'),
(153, 16, '2026-04-10 18:00:00', 116, 'Moderate', 35.26, 'camera', 1, '2026-04-10 18:15:18'),
(154, 16, '2026-04-08 20:00:00', 190, 'Moderate', 57.75, 'camera', 1, '2026-04-08 20:22:55'),
(155, 16, '2026-04-09 02:00:00', 232, 'High', 70.52, 'camera', 1, '2026-04-09 02:31:42'),
(156, 16, '2026-04-06 05:00:00', 130, 'Moderate', 39.51, 'sensor', 1, '2026-04-06 05:42:28'),
(157, 16, '2026-04-09 10:00:00', 207, 'Moderate', 62.92, 'turnstile', 1, '2026-04-09 10:08:59'),
(158, 16, '2026-04-10 12:00:00', 224, 'Moderate', 68.09, 'turnstile', 1, '2026-04-10 12:19:49'),
(159, 16, '2026-04-09 16:00:00', 108, 'Low', 32.83, 'turnstile', 1, '2026-04-09 16:51:50'),
(160, 16, '2026-04-10 22:00:00', 72, 'Low', 21.88, 'manual', 1, '2026-04-10 22:49:23'),
(161, 17, '2026-04-03 09:00:00', 212, 'Moderate', 46.8, 'turnstile', 1, '2026-04-03 09:40:19'),
(162, 17, '2026-04-10 14:00:00', 135, 'Low', 29.8, 'camera', 1, '2026-04-10 14:17:05'),
(163, 17, '2026-04-04 16:00:00', 212, 'Moderate', 46.8, 'camera', 1, '2026-04-04 16:28:05'),
(164, 17, '2026-04-02 21:00:00', 389, 'High', 85.87, 'camera', 1, '2026-04-02 21:28:22'),
(165, 17, '2026-04-05 02:00:00', 186, 'Moderate', 41.06, 'camera', 1, '2026-04-05 02:36:25'),
(166, 17, '2026-04-10 06:00:00', 369, 'High', 81.46, 'manual', 1, '2026-04-10 06:06:14'),
(167, 17, '2026-04-10 10:00:00', 301, 'Moderate', 66.45, 'camera', 1, '2026-04-10 10:45:09'),
(168, 17, '2026-04-03 13:00:00', 303, 'Moderate', 66.89, 'camera', 1, '2026-04-03 13:39:08'),
(169, 17, '2026-04-07 18:00:00', 211, 'Moderate', 46.58, 'turnstile', 1, '2026-04-07 18:58:00'),
(170, 17, '2026-04-08 22:00:00', 201, 'Moderate', 44.37, 'manual', 1, '2026-04-08 22:41:03'),
(171, 18, '2026-04-03 09:00:00', 237, 'Moderate', 40.51, 'turnstile', 1, '2026-04-03 09:40:50'),
(172, 18, '2026-04-01 14:00:00', 71, 'Low', 12.14, 'camera', 1, '2026-04-01 14:45:39'),
(173, 18, '2026-04-08 18:00:00', 443, 'High', 75.73, 'camera', 1, '2026-04-08 18:34:27'),
(174, 18, '2026-04-06 22:00:00', 233, 'Moderate', 39.83, 'manual', 1, '2026-04-06 22:47:46'),
(175, 18, '2026-04-07 01:00:00', 345, 'Moderate', 58.97, 'sensor', 1, '2026-04-07 01:18:51'),
(176, 18, '2026-04-06 04:00:00', 83, 'Low', 14.19, 'camera', 1, '2026-04-06 04:39:54'),
(177, 18, '2026-04-08 08:00:00', 145, 'Low', 24.79, 'sensor', 1, '2026-04-08 08:35:59'),
(178, 18, '2026-04-09 14:00:00', 346, 'Moderate', 59.15, 'turnstile', 1, '2026-04-09 14:44:03'),
(179, 18, '2026-04-02 17:00:00', 173, 'Low', 29.57, 'manual', 1, '2026-04-02 17:44:26'),
(180, 18, '2026-04-06 21:00:00', 105, 'Low', 17.95, 'manual', 1, '2026-04-06 21:34:43'),
(181, 19, '2026-04-08 10:00:00', 359, 'Moderate', 61.16, 'manual', 1, '2026-04-08 10:34:22'),
(182, 19, '2026-04-07 13:00:00', 294, 'Moderate', 50.09, 'turnstile', 1, '2026-04-07 13:33:01'),
(183, 19, '2026-04-05 18:00:00', 331, 'Moderate', 56.39, 'manual', 1, '2026-04-05 18:07:52'),
(184, 19, '2026-04-03 22:00:00', 293, 'Moderate', 49.91, 'sensor', 1, '2026-04-03 22:29:27'),
(185, 19, '2026-04-05 00:00:00', 134, 'Low', 22.83, 'camera', 1, '2026-04-05 00:32:46'),
(186, 19, '2026-04-08 06:00:00', 198, 'Low', 33.73, 'camera', 1, '2026-04-08 06:55:15'),
(187, 19, '2026-04-11 10:00:00', 199, 'Low', 33.9, 'turnstile', 0, '2026-04-11 10:11:12'),
(188, 19, '2026-04-06 12:00:00', 449, 'High', 76.49, 'turnstile', 1, '2026-04-06 12:16:38'),
(189, 19, '2026-04-05 18:00:00', 299, 'Moderate', 50.94, 'sensor', 1, '2026-04-05 18:31:27'),
(190, 19, '2026-04-07 22:00:00', 91, 'Low', 15.5, 'turnstile', 1, '2026-04-07 22:26:56'),
(191, 20, '2026-04-08 08:00:00', 74, 'Moderate', 36.27, 'sensor', 1, '2026-04-08 08:00:57'),
(192, 20, '2026-04-07 14:00:00', 73, 'Moderate', 35.78, 'camera', 1, '2026-04-07 14:56:15'),
(193, 20, '2026-04-04 16:00:00', 107, 'Moderate', 52.45, 'manual', 1, '2026-04-04 16:33:36'),
(194, 20, '2026-04-03 21:00:00', 148, 'High', 72.55, 'turnstile', 1, '2026-04-03 21:36:33'),
(195, 20, '2026-04-03 00:00:00', 171, 'High', 83.82, 'manual', 1, '2026-04-03 00:14:09'),
(196, 20, '2026-04-11 05:00:00', 70, 'Low', 34.31, 'camera', 1, '2026-04-11 05:15:37'),
(197, 20, '2026-04-07 08:00:00', 29, 'Low', 14.22, 'sensor', 1, '2026-04-07 08:24:25'),
(198, 20, '2026-04-05 12:00:00', 70, 'Low', 34.31, 'manual', 0, '2026-04-05 12:20:46'),
(199, 20, '2026-04-02 16:00:00', 102, 'Moderate', 50.0, 'camera', 1, '2026-04-02 16:12:05'),
(200, 20, '2026-04-06 21:00:00', 95, 'Moderate', 46.57, 'manual', 1, '2026-04-06 21:51:02'),
(201, 21, '2026-04-02 08:00:00', 146, 'Moderate', 53.48, 'sensor', 1, '2026-04-02 08:39:24'),
(202, 21, '2026-04-06 12:00:00', 163, 'Moderate', 59.71, 'manual', 1, '2026-04-06 12:10:44'),
(203, 21, '2026-04-07 16:00:00', 247, 'High', 90.48, 'camera', 1, '2026-04-07 16:46:27'),
(204, 21, '2026-04-04 22:00:00', 9, 'Low', 3.3, 'sensor', 1, '2026-04-04 22:59:40'),
(205, 21, '2026-04-09 00:00:00', 53, 'Low', 19.41, 'turnstile', 1, '2026-04-09 00:04:26'),
(206, 21, '2026-04-02 05:00:00', 171, 'Moderate', 62.64, 'camera', 1, '2026-04-02 05:12:23'),
(207, 21, '2026-04-03 10:00:00', 35, 'Low', 12.82, 'manual', 1, '2026-04-03 10:49:17'),
(208, 21, '2026-04-09 14:00:00', 191, 'Moderate', 69.96, 'sensor', 1, '2026-04-09 14:49:05'),
(209, 21, '2026-04-02 17:00:00', 44, 'Low', 16.12, 'sensor', 1, '2026-04-02 17:42:11'),
(210, 21, '2026-04-08 22:00:00', 28, 'Low', 10.26, 'camera', 1, '2026-04-08 22:09:35'),
(211, 22, '2026-04-04 09:00:00', 33, 'Low', 34.02, 'manual', 1, '2026-04-04 09:01:54'),
(212, 22, '2026-04-09 14:00:00', 39, 'Moderate', 40.21, 'turnstile', 1, '2026-04-09 14:51:25'),
(213, 22, '2026-04-08 18:00:00', 14, 'Low', 14.43, 'sensor', 1, '2026-04-08 18:39:30'),
(214, 22, '2026-04-01 20:00:00', 44, 'Moderate', 45.36, 'turnstile', 1, '2026-04-01 20:30:59'),
(215, 22, '2026-04-08 02:00:00', 27, 'Low', 27.84, 'manual', 1, '2026-04-08 02:40:31'),
(216, 22, '2026-04-07 06:00:00', 16, 'Low', 16.49, 'manual', 1, '2026-04-07 06:20:34'),
(217, 22, '2026-04-03 08:00:00', 13, 'Low', 13.4, 'camera', 1, '2026-04-03 08:36:47'),
(218, 22, '2026-04-05 12:00:00', 28, 'Low', 28.87, 'turnstile', 1, '2026-04-05 12:30:15'),
(219, 22, '2026-04-07 18:00:00', 23, 'Low', 23.71, 'manual', 1, '2026-04-07 18:52:08'),
(220, 22, '2026-04-03 21:00:00', 21, 'Low', 21.65, 'manual', 1, '2026-04-03 21:45:09'),
(221, 23, '2026-04-04 08:00:00', 39, 'Moderate', 41.49, 'camera', 1, '2026-04-04 08:55:12'),
(222, 23, '2026-04-03 14:00:00', 30, 'Low', 31.91, 'camera', 1, '2026-04-03 14:30:22'),
(223, 23, '2026-04-06 16:00:00', 3, 'Low', 3.19, 'sensor', 1, '2026-04-06 16:55:39'),
(224, 23, '2026-04-02 22:00:00', 29, 'Low', 30.85, 'manual', 1, '2026-04-02 22:14:13'),
(225, 23, '2026-04-02 02:00:00', 26, 'Low', 27.66, 'manual', 1, '2026-04-02 02:51:51'),
(226, 23, '2026-04-07 05:00:00', 45, 'Moderate', 47.87, 'turnstile', 1, '2026-04-07 05:17:27'),
(227, 23, '2026-04-09 10:00:00', 33, 'Moderate', 35.11, 'sensor', 1, '2026-04-09 10:28:02'),
(228, 23, '2026-04-09 14:00:00', 42, 'Moderate', 44.68, 'turnstile', 1, '2026-04-09 14:57:39'),
(229, 23, '2026-04-10 16:00:00', 68, 'High', 72.34, 'turnstile', 1, '2026-04-10 16:58:54'),
(230, 23, '2026-04-11 20:00:00', 87, 'High', 92.55, 'sensor', 1, '2026-04-11 20:06:31'),
(231, 24, '2026-04-08 10:00:00', 21, 'Low', 9.29, 'turnstile', 1, '2026-04-08 10:06:56'),
(232, 24, '2026-04-03 13:00:00', 58, 'Low', 25.66, 'manual', 1, '2026-04-03 13:52:27'),
(233, 24, '2026-04-10 16:00:00', 141, 'Moderate', 62.39, 'camera', 1, '2026-04-10 16:06:04'),
(234, 24, '2026-04-01 22:00:00', 113, 'Moderate', 50.0, 'turnstile', 0, '2026-04-01 22:02:54'),
(235, 24, '2026-04-07 00:00:00', 195, 'High', 86.28, 'sensor', 1, '2026-04-07 00:20:38'),
(236, 24, '2026-04-02 05:00:00', 137, 'Moderate', 60.62, 'turnstile', 1, '2026-04-02 05:23:22'),
(237, 24, '2026-04-05 08:00:00', 58, 'Low', 25.66, 'manual', 1, '2026-04-05 08:32:51'),
(238, 24, '2026-04-03 12:00:00', 174, 'High', 76.99, 'turnstile', 1, '2026-04-03 12:51:31'),
(239, 24, '2026-04-02 16:00:00', 73, 'Low', 32.3, 'manual', 1, '2026-04-02 16:44:16'),
(240, 24, '2026-04-11 20:00:00', 139, 'Moderate', 61.5, 'sensor', 1, '2026-04-11 20:37:04'),
(241, 25, '2026-04-03 08:00:00', 486, 'High', 82.09, 'manual', 1, '2026-04-03 08:47:52'),
(242, 25, '2026-04-09 13:00:00', 79, 'Low', 13.34, 'camera', 1, '2026-04-09 13:59:44'),
(243, 25, '2026-04-05 17:00:00', 378, 'Moderate', 63.85, 'camera', 1, '2026-04-05 17:49:22'),
(244, 25, '2026-04-10 21:00:00', 102, 'Low', 17.23, 'manual', 1, '2026-04-10 21:09:55'),
(245, 25, '2026-04-02 01:00:00', 258, 'Moderate', 43.58, 'camera', 1, '2026-04-02 01:44:08'),
(246, 25, '2026-04-11 05:00:00', 316, 'Moderate', 53.38, 'camera', 1, '2026-04-11 05:04:59'),
(247, 25, '2026-04-07 09:00:00', 176, 'Low', 29.73, 'turnstile', 1, '2026-04-07 09:49:21'),
(248, 25, '2026-04-06 12:00:00', 197, 'Low', 33.28, 'manual', 1, '2026-04-06 12:39:53'),
(249, 25, '2026-04-09 18:00:00', 457, 'High', 77.2, 'camera', 1, '2026-04-09 18:26:37'),
(250, 25, '2026-04-09 22:00:00', 119, 'Low', 20.1, 'turnstile', 1, '2026-04-09 22:58:45'),
(251, 26, '2026-04-10 08:00:00', 47, 'Low', 14.6, 'turnstile', 1, '2026-04-10 08:57:58'),
(252, 26, '2026-04-03 14:00:00', 68, 'Low', 21.12, 'manual', 1, '2026-04-03 14:04:16'),
(253, 26, '2026-04-01 17:00:00', 162, 'Moderate', 50.31, 'manual', 1, '2026-04-01 17:28:47'),
(254, 26, '2026-04-06 22:00:00', 52, 'Low', 16.15, 'camera', 1, '2026-04-06 22:52:04'),
(255, 26, '2026-04-08 02:00:00', 25, 'Low', 7.76, 'camera', 1, '2026-04-08 02:51:27'),
(256, 26, '2026-04-04 06:00:00', 214, 'Moderate', 66.46, 'sensor', 1, '2026-04-04 06:15:30'),
(257, 26, '2026-04-03 10:00:00', 266, 'High', 82.61, 'sensor', 1, '2026-04-03 10:27:32'),
(258, 26, '2026-04-09 13:00:00', 164, 'Moderate', 50.93, 'turnstile', 0, '2026-04-09 13:05:11'),
(259, 26, '2026-04-11 16:00:00', 43, 'Low', 13.35, 'turnstile', 1, '2026-04-11 16:50:16'),
(260, 26, '2026-04-10 22:00:00', 58, 'Low', 18.01, 'sensor', 1, '2026-04-10 22:44:46'),
(261, 27, '2026-04-07 10:00:00', 212, 'Low', 24.12, 'sensor', 1, '2026-04-07 10:01:43'),
(262, 27, '2026-04-10 12:00:00', 407, 'Moderate', 46.3, 'turnstile', 1, '2026-04-10 12:17:24'),
(263, 27, '2026-04-03 17:00:00', 235, 'Low', 26.73, 'camera', 1, '2026-04-03 17:24:06'),
(264, 27, '2026-04-07 22:00:00', 432, 'Moderate', 49.15, 'turnstile', 1, '2026-04-07 22:37:55'),
(265, 27, '2026-04-09 00:00:00', 292, 'Low', 33.22, 'camera', 1, '2026-04-09 00:13:07'),
(266, 27, '2026-04-09 04:00:00', 466, 'Moderate', 53.01, 'manual', 1, '2026-04-09 04:54:38'),
(267, 27, '2026-04-03 09:00:00', 385, 'Moderate', 43.8, 'manual', 0, '2026-04-03 09:24:55'),
(268, 27, '2026-04-05 13:00:00', 161, 'Low', 18.32, 'sensor', 1, '2026-04-05 13:40:20'),
(269, 27, '2026-04-08 17:00:00', 286, 'Low', 32.54, 'manual', 1, '2026-04-08 17:29:56'),
(270, 27, '2026-04-06 20:00:00', 372, 'Moderate', 42.32, 'turnstile', 1, '2026-04-06 20:12:56'),
(271, 28, '2026-04-07 09:00:00', 348, 'Moderate', 44.27, 'sensor', 1, '2026-04-07 09:57:34'),
(272, 28, '2026-04-04 13:00:00', 184, 'Low', 23.41, 'manual', 1, '2026-04-04 13:35:57'),
(273, 28, '2026-04-03 17:00:00', 283, 'Moderate', 36.01, 'camera', 1, '2026-04-03 17:33:45'),
(274, 28, '2026-04-01 22:00:00', 324, 'Moderate', 41.22, 'manual', 1, '2026-04-01 22:10:19'),
(275, 28, '2026-04-06 02:00:00', 368, 'Moderate', 46.82, 'sensor', 1, '2026-04-06 02:24:29'),
(276, 28, '2026-04-02 06:00:00', 234, 'Low', 29.77, 'sensor', 1, '2026-04-02 06:53:59'),
(277, 28, '2026-04-02 09:00:00', 286, 'Moderate', 36.39, 'camera', 1, '2026-04-02 09:44:11'),
(278, 28, '2026-04-06 13:00:00', 505, 'Moderate', 64.25, 'turnstile', 0, '2026-04-06 13:02:32'),
(279, 28, '2026-04-02 18:00:00', 331, 'Moderate', 42.11, 'turnstile', 1, '2026-04-02 18:38:30'),
(280, 28, '2026-04-08 20:00:00', 575, 'High', 73.16, 'turnstile', 1, '2026-04-08 20:36:20'),
(281, 29, '2026-04-04 09:00:00', 410, 'High', 76.21, 'camera', 1, '2026-04-04 09:01:01'),
(282, 29, '2026-04-03 13:00:00', 329, 'Moderate', 61.15, 'turnstile', 1, '2026-04-03 13:07:03'),
(283, 29, '2026-04-02 17:00:00', 184, 'Low', 34.2, 'sensor', 1, '2026-04-02 17:42:25'),
(284, 29, '2026-04-08 20:00:00', 289, 'Moderate', 53.72, 'sensor', 1, '2026-04-08 20:27:43'),
(285, 29, '2026-04-10 02:00:00', 323, 'Moderate', 60.04, 'camera', 1, '2026-04-10 02:41:27'),
(286, 29, '2026-04-03 04:00:00', 125, 'Low', 23.23, 'turnstile', 1, '2026-04-03 04:34:02'),
(287, 29, '2026-04-07 08:00:00', 165, 'Low', 30.67, 'manual', 1, '2026-04-07 08:33:02'),
(288, 29, '2026-04-04 14:00:00', 82, 'Low', 15.24, 'camera', 1, '2026-04-04 14:22:11'),
(289, 29, '2026-04-07 18:00:00', 264, 'Moderate', 49.07, 'sensor', 1, '2026-04-07 18:45:53'),
(290, 29, '2026-04-08 21:00:00', 478, 'High', 88.85, 'camera', 1, '2026-04-08 21:59:08'),
(291, 30, '2026-04-06 09:00:00', 54, 'Low', 19.78, 'turnstile', 1, '2026-04-06 09:04:27'),
(292, 30, '2026-04-02 14:00:00', 39, 'Low', 14.29, 'camera', 1, '2026-04-02 14:05:39'),
(293, 30, '2026-04-02 17:00:00', 159, 'Moderate', 58.24, 'manual', 1, '2026-04-02 17:00:59'),
(294, 30, '2026-04-08 20:00:00', 49, 'Low', 17.95, 'manual', 1, '2026-04-08 20:00:54'),
(295, 30, '2026-04-09 02:00:00', 57, 'Low', 20.88, 'turnstile', 1, '2026-04-09 02:49:41'),
(296, 30, '2026-04-05 04:00:00', 76, 'Low', 27.84, 'sensor', 1, '2026-04-05 04:15:13'),
(297, 30, '2026-04-02 10:00:00', 199, 'High', 72.89, 'turnstile', 1, '2026-04-02 10:15:20'),
(298, 30, '2026-04-11 13:00:00', 203, 'High', 74.36, 'manual', 1, '2026-04-11 13:24:36'),
(299, 30, '2026-04-09 16:00:00', 163, 'Moderate', 59.71, 'camera', 1, '2026-04-09 16:58:23'),
(300, 30, '2026-04-09 20:00:00', 40, 'Low', 14.65, 'camera', 1, '2026-04-09 20:32:45'),
(301, 31, '2026-04-03 09:00:00', 345, 'Moderate', 41.07, 'manual', 1, '2026-04-03 09:07:30'),
(302, 31, '2026-04-08 13:00:00', 388, 'Moderate', 46.19, 'turnstile', 1, '2026-04-08 13:42:13'),
(303, 31, '2026-04-07 18:00:00', 220, 'Low', 26.19, 'turnstile', 1, '2026-04-07 18:22:15'),
(304, 31, '2026-04-08 21:00:00', 385, 'Moderate', 45.83, 'manual', 1, '2026-04-08 21:28:14'),
(305, 31, '2026-04-08 00:00:00', 356, 'Moderate', 42.38, 'turnstile', 1, '2026-04-08 00:39:20'),
(306, 31, '2026-04-02 05:00:00', 374, 'Moderate', 44.52, 'sensor', 1, '2026-04-02 05:36:16'),
(307, 31, '2026-04-04 08:00:00', 244, 'Low', 29.05, 'turnstile', 1, '2026-04-04 08:00:33'),
(308, 31, '2026-04-08 14:00:00', 343, 'Moderate', 40.83, 'turnstile', 1, '2026-04-08 14:41:53'),
(309, 31, '2026-04-02 17:00:00', 558, 'Moderate', 66.43, 'turnstile', 1, '2026-04-02 17:25:54'),
(310, 31, '2026-04-07 22:00:00', 117, 'Low', 13.93, 'manual', 1, '2026-04-07 22:54:56'),
(311, 32, '2026-04-07 08:00:00', 299, 'Moderate', 67.8, 'sensor', 1, '2026-04-07 08:43:09'),
(312, 32, '2026-04-02 13:00:00', 353, 'High', 80.05, 'sensor', 1, '2026-04-02 13:26:53'),
(313, 32, '2026-04-10 17:00:00', 102, 'Low', 23.13, 'camera', 1, '2026-04-10 17:55:08'),
(314, 32, '2026-04-05 21:00:00', 166, 'Moderate', 37.64, 'sensor', 1, '2026-04-05 21:20:10'),
(315, 32, '2026-04-10 01:00:00', 315, 'High', 71.43, 'manual', 1, '2026-04-10 01:30:22'),
(316, 32, '2026-04-07 05:00:00', 85, 'Low', 19.27, 'camera', 1, '2026-04-07 05:16:27'),
(317, 32, '2026-04-11 10:00:00', 154, 'Low', 34.92, 'turnstile', 1, '2026-04-11 10:40:28'),
(318, 32, '2026-04-06 13:00:00', 106, 'Low', 24.04, 'manual', 1, '2026-04-06 13:32:30'),
(319, 32, '2026-04-02 17:00:00', 120, 'Low', 27.21, 'manual', 1, '2026-04-02 17:41:46'),
(320, 32, '2026-04-03 22:00:00', 155, 'Moderate', 35.15, 'turnstile', 1, '2026-04-03 22:59:16'),
(321, 33, '2026-04-02 09:00:00', 260, 'High', 85.53, 'camera', 1, '2026-04-02 09:29:24'),
(322, 33, '2026-04-10 14:00:00', 139, 'Moderate', 45.72, 'camera', 1, '2026-04-10 14:14:38'),
(323, 33, '2026-04-03 16:00:00', 230, 'High', 75.66, 'manual', 1, '2026-04-03 16:05:44'),
(324, 33, '2026-04-10 21:00:00', 108, 'Moderate', 35.53, 'sensor', 1, '2026-04-10 21:47:18'),
(325, 33, '2026-04-02 01:00:00', 84, 'Low', 27.63, 'sensor', 1, '2026-04-02 01:53:15'),
(326, 33, '2026-04-11 04:00:00', 144, 'Moderate', 47.37, 'sensor', 1, '2026-04-11 04:18:10'),
(327, 33, '2026-04-10 10:00:00', 75, 'Low', 24.67, 'turnstile', 1, '2026-04-10 10:39:06'),
(328, 33, '2026-04-07 12:00:00', 62, 'Low', 20.39, 'sensor', 1, '2026-04-07 12:29:45'),
(329, 33, '2026-04-09 16:00:00', 100, 'Low', 32.89, 'sensor', 1, '2026-04-09 16:01:18'),
(330, 33, '2026-04-11 22:00:00', 189, 'Moderate', 62.17, 'sensor', 1, '2026-04-11 22:37:43'),
(331, 34, '2026-04-01 08:00:00', 145, 'Low', 17.68, 'turnstile', 1, '2026-04-01 08:54:21'),
(332, 34, '2026-04-02 14:00:00', 592, 'High', 72.2, 'sensor', 1, '2026-04-02 14:32:47'),
(333, 34, '2026-04-01 18:00:00', 202, 'Low', 24.63, 'sensor', 1, '2026-04-01 18:26:42'),
(334, 34, '2026-04-08 20:00:00', 478, 'Moderate', 58.29, 'sensor', 1, '2026-04-08 20:42:42'),
(335, 34, '2026-04-09 02:00:00', 314, 'Moderate', 38.29, 'sensor', 1, '2026-04-09 02:50:56'),
(336, 34, '2026-04-02 06:00:00', 367, 'Moderate', 44.76, 'manual', 1, '2026-04-02 06:29:45'),
(337, 34, '2026-04-07 09:00:00', 637, 'High', 77.68, 'manual', 1, '2026-04-07 09:13:37'),
(338, 34, '2026-04-08 13:00:00', 236, 'Low', 28.78, 'sensor', 1, '2026-04-08 13:00:51'),
(339, 34, '2026-04-10 18:00:00', 515, 'Moderate', 62.8, 'manual', 1, '2026-04-10 18:23:48'),
(340, 34, '2026-04-07 20:00:00', 297, 'Moderate', 36.22, 'turnstile', 1, '2026-04-07 20:30:16'),
(341, 35, '2026-04-02 09:00:00', 88, 'Low', 15.09, 'turnstile', 1, '2026-04-02 09:49:24'),
(342, 35, '2026-04-03 14:00:00', 500, 'High', 85.76, 'sensor', 1, '2026-04-03 14:55:38'),
(343, 35, '2026-04-08 18:00:00', 195, 'Low', 33.45, 'camera', 1, '2026-04-08 18:58:50'),
(344, 35, '2026-04-07 21:00:00', 479, 'High', 82.16, 'sensor', 1, '2026-04-07 21:31:09'),
(345, 35, '2026-04-10 00:00:00', 292, 'Moderate', 50.09, 'sensor', 1, '2026-04-10 00:56:52'),
(346, 35, '2026-04-07 06:00:00', 438, 'High', 75.13, 'turnstile', 1, '2026-04-07 06:36:58'),
(347, 35, '2026-04-02 10:00:00', 269, 'Moderate', 46.14, 'sensor', 1, '2026-04-02 10:19:11'),
(348, 35, '2026-04-09 12:00:00', 124, 'Low', 21.27, 'camera', 0, '2026-04-09 12:15:24'),
(349, 35, '2026-04-11 17:00:00', 298, 'Moderate', 51.11, 'turnstile', 1, '2026-04-11 17:07:58'),
(350, 35, '2026-04-08 21:00:00', 560, 'Full', 96.05, 'manual', 1, '2026-04-08 21:37:37'),
(351, 36, '2026-04-08 09:00:00', 278, 'Low', 32.98, 'camera', 1, '2026-04-08 09:23:52'),
(352, 36, '2026-04-06 14:00:00', 539, 'Moderate', 63.94, 'manual', 1, '2026-04-06 14:27:38'),
(353, 36, '2026-04-05 18:00:00', 271, 'Low', 32.15, 'camera', 1, '2026-04-05 18:53:26'),
(354, 36, '2026-04-10 21:00:00', 345, 'Moderate', 40.93, 'sensor', 1, '2026-04-10 21:16:25'),
(355, 36, '2026-04-03 01:00:00', 280, 'Low', 33.21, 'sensor', 1, '2026-04-03 01:01:38'),
(356, 36, '2026-04-10 04:00:00', 703, 'High', 83.39, 'sensor', 1, '2026-04-10 04:06:28'),
(357, 36, '2026-04-02 10:00:00', 376, 'Moderate', 44.6, 'sensor', 1, '2026-04-02 10:24:36'),
(358, 36, '2026-04-09 14:00:00', 646, 'High', 76.63, 'camera', 1, '2026-04-09 14:21:54'),
(359, 36, '2026-04-03 18:00:00', 412, 'Moderate', 48.87, 'sensor', 1, '2026-04-03 18:47:40'),
(360, 36, '2026-04-03 22:00:00', 235, 'Low', 27.88, 'camera', 1, '2026-04-03 22:12:09');
INSERT INTO crowd_predictions (prediction_id, location_id, predicted_for, predicted_count, predicted_level, confidence_score, generated_at) VALUES
(1, 1, '2026-04-10 09:00:00', 303, 'Moderate', 0.86, '2026-04-08 12:11:40'),
(2, 1, '2026-04-10 12:00:00', 396, 'Moderate', 0.74, '2026-04-09 10:51:12'),
(3, 1, '2026-04-10 15:00:00', 84, 'Low', 0.87, '2026-04-09 21:44:28'),
(4, 1, '2026-04-10 18:00:00', 630, 'High', 0.79, '2026-04-09 17:49:10'),
(5, 1, '2026-04-10 21:00:00', 492, 'Moderate', 0.75, '2026-04-09 19:34:40'),
(6, 2, '2026-04-10 09:00:00', 792, 'High', 0.9, '2026-04-09 11:36:26'),
(7, 2, '2026-04-10 12:00:00', 525, 'Moderate', 0.64, '2026-04-09 03:06:34'),
(8, 2, '2026-04-10 15:00:00', 310, 'Moderate', 0.64, '2026-04-09 06:00:11'),
(9, 2, '2026-04-10 18:00:00', 446, 'Moderate', 0.64, '2026-04-09 02:50:38'),
(10, 2, '2026-04-10 21:00:00', 764, 'High', 0.94, '2026-04-08 12:42:44'),
(11, 3, '2026-04-10 09:00:00', 137, 'High', 0.83, '2026-04-08 12:53:00'),
(12, 3, '2026-04-10 12:00:00', 90, 'Moderate', 0.81, '2026-04-09 15:33:43'),
(13, 3, '2026-04-10 15:00:00', 102, 'Moderate', 0.63, '2026-04-09 04:05:10'),
(14, 3, '2026-04-10 18:00:00', 95, 'Moderate', 0.74, '2026-04-09 22:48:58'),
(15, 3, '2026-04-10 21:00:00', 29, 'Low', 0.79, '2026-04-08 09:05:16'),
(16, 4, '2026-04-10 09:00:00', 195, 'Moderate', 0.84, '2026-04-10 04:05:00'),
(17, 4, '2026-04-10 12:00:00', 247, 'High', 0.82, '2026-04-10 00:12:16'),
(18, 4, '2026-04-10 15:00:00', 134, 'Moderate', 0.85, '2026-04-09 08:34:40'),
(19, 4, '2026-04-10 18:00:00', 130, 'Moderate', 0.75, '2026-04-10 04:27:52'),
(20, 4, '2026-04-10 21:00:00', 180, 'Moderate', 0.72, '2026-04-08 09:08:49'),
(21, 5, '2026-04-10 09:00:00', 152, 'Moderate', 0.96, '2026-04-09 22:30:25'),
(22, 5, '2026-04-10 12:00:00', 70, 'Low', 0.95, '2026-04-09 21:58:46'),
(23, 5, '2026-04-10 15:00:00', 22, 'Low', 0.67, '2026-04-08 21:01:11'),
(24, 5, '2026-04-10 18:00:00', 98, 'Moderate', 0.68, '2026-04-09 04:21:12'),
(25, 5, '2026-04-10 21:00:00', 208, 'High', 0.92, '2026-04-08 11:10:38'),
(26, 6, '2026-04-10 09:00:00', 342, 'Moderate', 0.95, '2026-04-08 14:56:11'),
(27, 6, '2026-04-10 12:00:00', 51, 'Low', 0.66, '2026-04-10 05:48:16'),
(28, 6, '2026-04-10 15:00:00', 305, 'Moderate', 0.91, '2026-04-08 13:04:55'),
(29, 6, '2026-04-10 18:00:00', 346, 'Moderate', 0.82, '2026-04-09 17:15:55'),
(30, 6, '2026-04-10 21:00:00', 606, 'High', 0.7, '2026-04-08 22:55:16'),
(31, 7, '2026-04-10 09:00:00', 51, 'Moderate', 0.87, '2026-04-09 10:49:19'),
(32, 7, '2026-04-10 12:00:00', 67, 'Moderate', 0.89, '2026-04-08 14:38:45'),
(33, 7, '2026-04-10 15:00:00', 46, 'Moderate', 0.8, '2026-04-09 21:21:36'),
(34, 7, '2026-04-10 18:00:00', 63, 'Moderate', 0.75, '2026-04-09 08:11:14'),
(35, 7, '2026-04-10 21:00:00', 57, 'Moderate', 0.81, '2026-04-09 06:48:22'),
(36, 8, '2026-04-10 09:00:00', 211, 'Moderate', 0.81, '2026-04-08 20:40:25'),
(37, 8, '2026-04-10 12:00:00', 274, 'High', 0.67, '2026-04-09 10:15:21'),
(38, 8, '2026-04-10 15:00:00', 172, 'Moderate', 0.85, '2026-04-08 13:25:45'),
(39, 8, '2026-04-10 18:00:00', 120, 'Low', 0.63, '2026-04-08 22:07:39'),
(40, 8, '2026-04-10 21:00:00', 146, 'Moderate', 0.62, '2026-04-09 01:26:05'),
(41, 9, '2026-04-10 09:00:00', 414, 'High', 0.87, '2026-04-10 08:21:56'),
(42, 9, '2026-04-10 12:00:00', 293, 'Moderate', 0.64, '2026-04-10 00:36:41'),
(43, 9, '2026-04-10 15:00:00', 262, 'Moderate', 0.97, '2026-04-09 07:30:26'),
(44, 9, '2026-04-10 18:00:00', 305, 'Moderate', 0.96, '2026-04-10 01:32:23'),
(45, 9, '2026-04-10 21:00:00', 233, 'Moderate', 0.85, '2026-04-09 17:49:11'),
(46, 10, '2026-04-10 09:00:00', 126, 'Low', 0.79, '2026-04-10 00:50:46'),
(47, 10, '2026-04-10 12:00:00', 382, 'Moderate', 0.64, '2026-04-08 09:02:20'),
(48, 10, '2026-04-10 15:00:00', 508, 'High', 0.77, '2026-04-08 11:40:13'),
(49, 10, '2026-04-10 18:00:00', 393, 'Moderate', 0.95, '2026-04-09 20:47:07'),
(50, 10, '2026-04-10 21:00:00', 269, 'Moderate', 0.96, '2026-04-08 12:11:52'),
(51, 11, '2026-04-10 09:00:00', 73, 'Low', 0.68, '2026-04-09 02:28:48'),
(52, 11, '2026-04-10 12:00:00', 115, 'Moderate', 0.75, '2026-04-08 13:03:06'),
(53, 11, '2026-04-10 15:00:00', 127, 'Moderate', 0.89, '2026-04-09 10:01:26'),
(54, 11, '2026-04-10 18:00:00', 95, 'Moderate', 0.93, '2026-04-09 17:22:46'),
(55, 11, '2026-04-10 21:00:00', 155, 'Moderate', 0.94, '2026-04-09 10:37:49'),
(56, 12, '2026-04-10 09:00:00', 374, 'Moderate', 0.96, '2026-04-09 21:02:51'),
(57, 12, '2026-04-10 12:00:00', 316, 'Moderate', 0.79, '2026-04-10 08:43:54'),
(58, 12, '2026-04-10 15:00:00', 451, 'High', 0.75, '2026-04-09 09:37:16'),
(59, 12, '2026-04-10 18:00:00', 291, 'Moderate', 0.93, '2026-04-09 13:06:18'),
(60, 12, '2026-04-10 21:00:00', 324, 'Moderate', 0.8, '2026-04-10 05:59:05'),
(61, 13, '2026-04-10 09:00:00', 341, 'Moderate', 0.65, '2026-04-09 14:36:18'),
(62, 13, '2026-04-10 12:00:00', 649, 'High', 0.87, '2026-04-09 17:48:56'),
(63, 13, '2026-04-10 15:00:00', 253, 'Low', 0.71, '2026-04-08 10:05:30'),
(64, 13, '2026-04-10 18:00:00', 443, 'Moderate', 0.91, '2026-04-10 02:22:04'),
(65, 13, '2026-04-10 21:00:00', 166, 'Low', 0.71, '2026-04-08 12:25:48'),
(66, 14, '2026-04-10 09:00:00', 269, 'Moderate', 0.89, '2026-04-09 10:38:29'),
(67, 14, '2026-04-10 12:00:00', 154, 'Low', 0.83, '2026-04-09 22:06:29'),
(68, 14, '2026-04-10 15:00:00', 414, 'High', 0.77, '2026-04-10 06:12:54'),
(69, 14, '2026-04-10 18:00:00', 365, 'High', 0.83, '2026-04-09 08:20:19'),
(70, 14, '2026-04-10 21:00:00', 168, 'Low', 0.84, '2026-04-09 12:40:50'),
(71, 15, '2026-04-10 09:00:00', 397, 'Moderate', 0.85, '2026-04-10 07:09:04'),
(72, 15, '2026-04-10 12:00:00', 668, 'High', 0.86, '2026-04-09 19:12:46'),
(73, 15, '2026-04-10 15:00:00', 562, 'Moderate', 0.77, '2026-04-09 21:00:18'),
(74, 15, '2026-04-10 18:00:00', 331, 'Moderate', 0.92, '2026-04-09 05:28:58'),
(75, 15, '2026-04-10 21:00:00', 340, 'Moderate', 0.8, '2026-04-08 22:13:12'),
(76, 16, '2026-04-10 09:00:00', 201, 'Moderate', 0.86, '2026-04-08 19:22:06'),
(77, 16, '2026-04-10 12:00:00', 221, 'Moderate', 0.66, '2026-04-09 10:31:02'),
(78, 16, '2026-04-10 15:00:00', 102, 'Low', 0.64, '2026-04-10 00:02:41'),
(79, 16, '2026-04-10 18:00:00', 245, 'High', 0.78, '2026-04-08 16:20:52'),
(80, 16, '2026-04-10 21:00:00', 84, 'Low', 0.69, '2026-04-08 21:58:31'),
(81, 17, '2026-04-10 09:00:00', 295, 'Moderate', 0.74, '2026-04-08 14:33:02'),
(82, 17, '2026-04-10 12:00:00', 341, 'High', 0.84, '2026-04-09 14:00:38'),
(83, 17, '2026-04-10 15:00:00', 250, 'Moderate', 0.66, '2026-04-09 23:21:13'),
(84, 17, '2026-04-10 18:00:00', 380, 'High', 0.71, '2026-04-09 01:57:36'),
(85, 17, '2026-04-10 21:00:00', 149, 'Low', 0.87, '2026-04-08 19:59:37'),
(86, 18, '2026-04-10 09:00:00', 169, 'Low', 0.76, '2026-04-09 07:03:22'),
(87, 18, '2026-04-10 12:00:00', 68, 'Low', 0.91, '2026-04-09 16:04:32'),
(88, 18, '2026-04-10 15:00:00', 236, 'Moderate', 0.93, '2026-04-08 15:45:02'),
(89, 18, '2026-04-10 18:00:00', 490, 'High', 0.75, '2026-04-09 23:31:30'),
(90, 18, '2026-04-10 21:00:00', 129, 'Low', 0.77, '2026-04-09 11:38:41'),
(91, 19, '2026-04-10 09:00:00', 465, 'High', 0.76, '2026-04-09 02:05:07'),
(92, 19, '2026-04-10 12:00:00', 476, 'High', 0.74, '2026-04-08 19:25:48'),
(93, 19, '2026-04-10 15:00:00', 224, 'Moderate', 0.89, '2026-04-09 16:12:02'),
(94, 19, '2026-04-10 18:00:00', 90, 'Low', 0.9, '2026-04-08 17:16:46'),
(95, 19, '2026-04-10 21:00:00', 284, 'Moderate', 0.64, '2026-04-09 08:51:25'),
(96, 20, '2026-04-10 09:00:00', 10, 'Low', 0.91, '2026-04-09 06:05:02'),
(97, 20, '2026-04-10 12:00:00', 35, 'Low', 0.65, '2026-04-08 16:56:22'),
(98, 20, '2026-04-10 15:00:00', 126, 'Moderate', 0.93, '2026-04-10 00:17:52'),
(99, 20, '2026-04-10 18:00:00', 71, 'Low', 0.65, '2026-04-09 02:26:04'),
(100, 20, '2026-04-10 21:00:00', 84, 'Moderate', 0.81, '2026-04-10 07:07:16'),
(101, 21, '2026-04-10 09:00:00', 108, 'Moderate', 0.73, '2026-04-09 15:15:35'),
(102, 21, '2026-04-10 12:00:00', 138, 'Moderate', 0.72, '2026-04-10 08:04:19'),
(103, 21, '2026-04-10 15:00:00', 93, 'Low', 0.93, '2026-04-09 21:23:17'),
(104, 21, '2026-04-10 18:00:00', 200, 'High', 0.66, '2026-04-09 10:16:21'),
(105, 21, '2026-04-10 21:00:00', 16, 'Low', 0.87, '2026-04-08 16:16:36'),
(106, 22, '2026-04-10 09:00:00', 42, 'Moderate', 0.79, '2026-04-08 18:59:47'),
(107, 22, '2026-04-10 12:00:00', 36, 'Moderate', 0.74, '2026-04-09 02:25:23'),
(108, 22, '2026-04-10 15:00:00', 76, 'High', 0.89, '2026-04-08 09:39:32'),
(109, 22, '2026-04-10 18:00:00', 44, 'Moderate', 0.74, '2026-04-08 12:27:55'),
(110, 22, '2026-04-10 21:00:00', 55, 'Moderate', 0.76, '2026-04-08 09:24:08'),
(111, 23, '2026-04-10 09:00:00', 40, 'Moderate', 0.95, '2026-04-08 20:46:13'),
(112, 23, '2026-04-10 12:00:00', 12, 'Low', 0.72, '2026-04-09 10:51:49'),
(113, 23, '2026-04-10 15:00:00', 63, 'Moderate', 0.81, '2026-04-09 17:47:12'),
(114, 23, '2026-04-10 18:00:00', 80, 'High', 0.73, '2026-04-09 04:48:49'),
(115, 23, '2026-04-10 21:00:00', 60, 'Moderate', 0.78, '2026-04-09 21:10:48'),
(116, 24, '2026-04-10 09:00:00', 152, 'Moderate', 0.74, '2026-04-10 03:16:19'),
(117, 24, '2026-04-10 12:00:00', 122, 'Moderate', 0.66, '2026-04-10 06:06:07'),
(118, 24, '2026-04-10 15:00:00', 187, 'High', 0.94, '2026-04-08 10:05:21'),
(119, 24, '2026-04-10 18:00:00', 128, 'Moderate', 0.73, '2026-04-08 15:28:26'),
(120, 24, '2026-04-10 21:00:00', 115, 'Moderate', 0.84, '2026-04-08 13:36:17'),
(121, 25, '2026-04-10 09:00:00', 464, 'High', 0.82, '2026-04-08 10:56:06'),
(122, 25, '2026-04-10 12:00:00', 165, 'Low', 0.67, '2026-04-09 20:38:53'),
(123, 25, '2026-04-10 15:00:00', 383, 'Moderate', 0.86, '2026-04-08 23:21:13'),
(124, 25, '2026-04-10 18:00:00', 433, 'High', 0.64, '2026-04-08 14:11:37'),
(125, 25, '2026-04-10 21:00:00', 181, 'Low', 0.92, '2026-04-10 04:05:55'),
(126, 26, '2026-04-10 09:00:00', 52, 'Low', 0.66, '2026-04-09 21:33:08'),
(127, 26, '2026-04-10 12:00:00', 157, 'Moderate', 0.8, '2026-04-09 02:50:53'),
(128, 26, '2026-04-10 15:00:00', 303, 'High', 0.92, '2026-04-09 01:33:51'),
(129, 26, '2026-04-10 18:00:00', 121, 'Moderate', 0.92, '2026-04-08 13:45:14'),
(130, 26, '2026-04-10 21:00:00', 209, 'Moderate', 0.72, '2026-04-10 01:44:58'),
(131, 27, '2026-04-10 09:00:00', 557, 'Moderate', 0.93, '2026-04-08 09:57:29'),
(132, 27, '2026-04-10 12:00:00', 704, 'High', 0.64, '2026-04-08 22:04:25'),
(133, 27, '2026-04-10 15:00:00', 475, 'Moderate', 0.87, '2026-04-10 00:54:40'),
(134, 27, '2026-04-10 18:00:00', 533, 'Moderate', 0.65, '2026-04-09 04:23:51'),
(135, 27, '2026-04-10 21:00:00', 289, 'Low', 0.66, '2026-04-08 16:51:01'),
(136, 28, '2026-04-10 09:00:00', 392, 'Moderate', 0.66, '2026-04-09 10:28:10'),
(137, 28, '2026-04-10 12:00:00', 176, 'Low', 0.73, '2026-04-09 13:50:55'),
(138, 28, '2026-04-10 15:00:00', 265, 'Low', 0.79, '2026-04-09 11:59:25'),
(139, 28, '2026-04-10 18:00:00', 414, 'Moderate', 0.73, '2026-04-09 14:22:49'),
(140, 28, '2026-04-10 21:00:00', 201, 'Low', 0.97, '2026-04-09 22:48:14'),
(141, 29, '2026-04-10 09:00:00', 322, 'Moderate', 0.64, '2026-04-09 13:31:02'),
(142, 29, '2026-04-10 12:00:00', 348, 'Moderate', 0.88, '2026-04-09 02:41:51'),
(143, 29, '2026-04-10 15:00:00', 168, 'Low', 0.67, '2026-04-09 08:33:46'),
(144, 29, '2026-04-10 18:00:00', 263, 'Moderate', 0.68, '2026-04-08 18:30:11'),
(145, 29, '2026-04-10 21:00:00', 271, 'Moderate', 0.9, '2026-04-09 16:23:57'),
(146, 30, '2026-04-10 09:00:00', 243, 'High', 0.95, '2026-04-09 03:30:26'),
(147, 30, '2026-04-10 12:00:00', 101, 'Moderate', 0.93, '2026-04-08 10:33:28'),
(148, 30, '2026-04-10 15:00:00', 61, 'Low', 0.91, '2026-04-08 12:15:32'),
(149, 30, '2026-04-10 18:00:00', 102, 'Moderate', 0.85, '2026-04-08 11:58:15'),
(150, 30, '2026-04-10 21:00:00', 160, 'Moderate', 0.88, '2026-04-10 01:55:10'),
(151, 31, '2026-04-10 09:00:00', 296, 'Moderate', 0.74, '2026-04-09 22:53:08'),
(152, 31, '2026-04-10 12:00:00', 619, 'High', 0.87, '2026-04-10 00:22:19'),
(153, 31, '2026-04-10 15:00:00', 585, 'Moderate', 0.66, '2026-04-08 10:44:36'),
(154, 31, '2026-04-10 18:00:00', 362, 'Moderate', 0.82, '2026-04-10 01:23:42'),
(155, 31, '2026-04-10 21:00:00', 277, 'Low', 0.64, '2026-04-09 04:08:38'),
(156, 32, '2026-04-10 09:00:00', 208, 'Moderate', 0.62, '2026-04-08 17:55:10'),
(157, 32, '2026-04-10 12:00:00', 87, 'Low', 0.71, '2026-04-09 10:27:12'),
(158, 32, '2026-04-10 15:00:00', 256, 'Moderate', 0.88, '2026-04-10 05:07:34'),
(159, 32, '2026-04-10 18:00:00', 280, 'Moderate', 0.72, '2026-04-09 03:23:53'),
(160, 32, '2026-04-10 21:00:00', 354, 'High', 0.95, '2026-04-09 09:06:27'),
(161, 33, '2026-04-10 09:00:00', 235, 'High', 0.77, '2026-04-09 13:20:51'),
(162, 33, '2026-04-10 12:00:00', 69, 'Low', 0.81, '2026-04-09 18:31:00'),
(163, 33, '2026-04-10 15:00:00', 110, 'Moderate', 0.88, '2026-04-08 18:18:14'),
(164, 33, '2026-04-10 18:00:00', 155, 'Moderate', 0.69, '2026-04-10 01:59:01'),
(165, 33, '2026-04-10 21:00:00', 169, 'Moderate', 0.84, '2026-04-08 10:43:33'),
(166, 34, '2026-04-10 09:00:00', 487, 'Moderate', 0.88, '2026-04-09 09:07:35'),
(167, 34, '2026-04-10 12:00:00', 326, 'Moderate', 0.79, '2026-04-08 22:13:30'),
(168, 34, '2026-04-10 15:00:00', 612, 'High', 0.95, '2026-04-09 12:19:53'),
(169, 34, '2026-04-10 18:00:00', 126, 'Low', 0.83, '2026-04-08 22:50:22'),
(170, 34, '2026-04-10 21:00:00', 377, 'Moderate', 0.89, '2026-04-09 03:17:27'),
(171, 35, '2026-04-10 09:00:00', 304, 'Moderate', 0.85, '2026-04-09 07:50:20'),
(172, 35, '2026-04-10 12:00:00', 404, 'Moderate', 0.87, '2026-04-09 12:14:07'),
(173, 35, '2026-04-10 15:00:00', 378, 'Moderate', 0.87, '2026-04-09 10:50:07'),
(174, 35, '2026-04-10 18:00:00', 294, 'Moderate', 0.75, '2026-04-08 10:37:22'),
(175, 35, '2026-04-10 21:00:00', 225, 'Moderate', 0.79, '2026-04-09 10:03:16'),
(176, 36, '2026-04-10 09:00:00', 244, 'Low', 0.77, '2026-04-09 04:56:45'),
(177, 36, '2026-04-10 12:00:00', 591, 'High', 0.75, '2026-04-09 20:37:50'),
(178, 36, '2026-04-10 15:00:00', 333, 'Moderate', 0.92, '2026-04-08 22:37:47'),
(179, 36, '2026-04-10 18:00:00', 244, 'Low', 0.93, '2026-04-08 20:21:05'),
(180, 36, '2026-04-10 21:00:00', 141, 'Low', 0.91, '2026-04-09 11:57:13');
INSERT INTO data_categories (category_id, category_name, description, active_flag, updated_at) VALUES
(1, 'Crowd Metrics', 'Live and historical crowd data', 1, '2026-03-29 16:13:28'),
(2, 'Operations', 'Hours, staffing, and facility operations data', 1, '2026-03-12 04:46:34'),
(3, 'System Health', 'Logs, uptime, and backend monitoring data', 1, '2026-01-23 13:03:16'),
(4, 'Events', 'Special event and campus programming data', 1, '2026-02-17 13:02:33'),
(5, 'Facilities', 'Maintenance and room availability data', 1, '2026-03-04 01:28:34'),
(6, 'Dining Services', 'Menu and dining throughput data', 1, '2026-02-06 20:04:26'),
(7, 'Recreation', 'Fitness center and recreation data', 1, '2026-03-12 00:19:53'),
(8, 'Academic Services', 'Tutoring, study, and academic support data', 1, '2026-01-29 23:16:05');
INSERT INTO data_sources (data_source_id, source_name, source_type, refresh_interval_minutes, status, created_by_user_id, created_at) VALUES
(1, 'Campus Sensors API', 'CSV Upload', 5, 'error', 36, '2026-01-24 11:58:11'),
(2, 'Manual Staff Upload', 'Agent', 10, 'active', 35, '2026-01-21 20:23:14'),
(3, 'System Monitoring Agent', 'Agent', 5, 'active', 32, '2026-03-23 05:05:11'),
(4, 'Allen LLC Sync', 'Agent', 15, 'active', 36, '2026-01-28 22:44:26'),
(5, 'Ramos, Harris and Lee Gateway', 'Webhook', 60, 'active', 31, '2026-03-18 20:09:10'),
(6, 'Cook, Gutierrez and White Importer', 'API', 30, 'active', 32, '2026-01-17 17:25:53'),
(7, 'Freeman-Russo Sync', 'Agent', 15, 'inactive', 34, '2026-02-25 12:04:04'),
(8, 'Smith-Smith Feed', 'API', 120, 'inactive', 34, '2025-12-22 10:03:50'),
(9, 'Scott PLC Feed', 'Webhook', 120, 'active', 31, '2026-03-26 20:33:36'),
(10, 'Hernandez PLC Sync', 'Manual Entry', 1, 'inactive', 33, '2026-02-09 20:31:10'),
(11, 'Rasmussen and Sons Connector', 'CSV Upload', 15, 'active', 40, '2026-01-17 09:13:29'),
(12, 'Wright, Hughes and Brown Gateway', 'Manual Entry', 5, 'active', 40, '2026-01-13 07:09:07'),
(13, 'Johnson Ltd Sync', 'Agent', 30, 'inactive', 40, '2026-04-14 06:46:46'),
(14, 'Long, Johnson and Rivera Importer', 'API', 30, 'active', 35, '2026-03-18 11:27:48'),
(15, 'Gardner-Padilla Importer', 'Agent', 120, 'active', 38, '2025-12-25 03:40:44'),
(16, 'Moore, Mcintosh and Rodriguez Sync', 'CSV Upload', 120, 'active', 40, '2026-01-23 17:16:46'),
(17, 'Smith, Farmer and Schultz Importer', 'API', 15, 'active', 35, '2026-01-10 07:30:35'),
(18, 'Torres, Holmes and Atkins Sync', 'Manual Entry', 5, 'active', 32, '2025-12-23 12:06:25'),
(19, 'Garcia LLC Connector', 'CSV Upload', 60, 'active', 33, '2026-01-24 08:09:12'),
(20, 'Jimenez-Mendoza Importer', 'Manual Entry', 5, 'active', 32, '2026-03-08 01:51:01'),
(21, 'Dominguez-Jones Feed', 'Manual Entry', 1, 'active', 36, '2026-02-01 23:16:17'),
(22, 'Dunn, Frost and Walker Sync', 'API', 5, 'active', 33, '2026-01-06 03:50:59'),
(23, 'Johnson-Trujillo Importer', 'API', 5, 'active', 38, '2026-01-28 02:36:44'),
(24, 'Lewis-Hopkins Feed', 'API', 120, 'active', 37, '2026-01-29 12:43:39'),
(25, 'Goodwin LLC Gateway', 'Agent', 120, 'active', 33, '2026-04-10 02:27:57'),
(26, 'Benson and Sons Importer', 'Agent', 5, 'inactive', 33, '2025-12-23 18:27:06'),
(27, 'Gilmore Inc Connector', 'Manual Entry', 15, 'inactive', 39, '2025-12-29 12:32:26'),
(28, 'Smith, Carson and Kelley Sync', 'Agent', 15, 'active', 36, '2026-01-13 16:04:46'),
(29, 'Villarreal, Singleton and Sandoval Sync', 'Webhook', 30, 'active', 31, '2026-01-15 09:40:55'),
(30, 'Alvarez and Sons Gateway', 'Manual Entry', 120, 'active', 39, '2025-12-29 06:37:47'),
(31, 'Hernandez, Jones and Christensen Feed', 'CSV Upload', 120, 'active', 35, '2026-04-12 12:25:19'),
(32, 'Harrell, Williams and Parsons Sync', 'Manual Entry', 30, 'active', 37, '2026-02-17 02:21:55');
INSERT INTO location_data_sources (location_id, data_source_id, category_id) VALUES
(1, 4, 6),
(1, 12, 2),
(1, 19, 4),
(1, 28, 3),
(1, 31, 3),
(1, 32, 7),
(2, 1, 2),
(2, 5, 8),
(2, 9, 8),
(2, 11, 3),
(2, 12, 1),
(2, 15, 6),
(2, 18, 6),
(2, 30, 8),
(3, 6, 1),
(3, 13, 6),
(4, 6, 1),
(4, 15, 5),
(4, 17, 4),
(4, 26, 1),
(4, 28, 6),
(5, 14, 2),
(5, 28, 2),
(5, 29, 7),
(5, 30, 4),
(6, 6, 3),
(6, 11, 2),
(6, 14, 6),
(6, 16, 6),
(6, 25, 4),
(7, 2, 5),
(7, 14, 7),
(7, 17, 1),
(7, 23, 3),
(7, 27, 8),
(8, 12, 4),
(8, 24, 3),
(9, 9, 6),
(10, 3, 1),
(10, 4, 2),
(10, 13, 7),
(10, 16, 7),
(10, 18, 1),
(11, 3, 3),
(11, 11, 5),
(11, 15, 2),
(11, 17, 3),
(11, 25, 5),
(12, 12, 5),
(12, 17, 8),
(13, 3, 4),
(13, 6, 5),
(13, 32, 1),
(14, 13, 2),
(14, 15, 6),
(14, 18, 5),
(14, 19, 5),
(15, 1, 4),
(15, 12, 3),
(15, 13, 2),
(15, 13, 8),
(15, 21, 7),
(15, 25, 1),
(15, 31, 7),
(16, 14, 6),
(16, 21, 3),
(16, 24, 1),
(16, 25, 4),
(16, 31, 3),
(17, 1, 3),
(17, 8, 2),
(17, 8, 7),
(17, 16, 8),
(17, 25, 6),
(17, 28, 3),
(17, 31, 1),
(18, 18, 7),
(18, 19, 6),
(18, 25, 4),
(18, 31, 6),
(19, 4, 1),
(19, 4, 7),
(19, 9, 6),
(19, 10, 8),
(19, 11, 1),
(19, 17, 3),
(20, 16, 4),
(21, 14, 4),
(22, 3, 1),
(22, 13, 8),
(22, 19, 6),
(22, 26, 5),
(23, 9, 3),
(23, 10, 7),
(23, 14, 4),
(24, 9, 5),
(24, 15, 3),
(24, 24, 3),
(25, 15, 8),
(25, 24, 3),
(26, 2, 6),
(26, 10, 1),
(26, 10, 8),
(26, 14, 1),
(26, 24, 6),
(27, 8, 8),
(27, 9, 1),
(27, 11, 5),
(27, 25, 3),
(28, 2, 7),
(28, 9, 7),
(28, 14, 8),
(28, 17, 3),
(28, 27, 1),
(29, 4, 1),
(29, 14, 2),
(29, 19, 8),
(29, 28, 4),
(29, 31, 4),
(30, 2, 7),
(30, 15, 5),
(31, 4, 5),
(31, 9, 4),
(31, 16, 5),
(31, 25, 6),
(31, 26, 2),
(31, 27, 7),
(32, 14, 7),
(32, 19, 8),
(33, 30, 3),
(34, 19, 7),
(34, 23, 8),
(34, 24, 3),
(34, 29, 2),
(35, 5, 7),
(35, 14, 3),
(35, 20, 1),
(35, 23, 1),
(36, 21, 5),
(36, 31, 7);
INSERT INTO user_preferences (preference_id, user_id, preferred_location_type_id, notification_opt_in, max_preferred_crowd_percent, updated_at) VALUES
(1, 2, 2, 1, 44.85, '2026-03-15 04:19:47'),
(2, 3, 8, 0, 76.93, '2026-03-06 06:29:52'),
(3, 4, 6, 0, NULL, '2026-03-14 03:43:12'),
(4, 5, 6, 0, 38.91, '2026-03-30 23:50:40'),
(5, 6, NULL, 0, 88.36, '2026-04-17 09:54:28'),
(6, 7, NULL, 1, 55.77, '2026-04-08 15:20:16'),
(7, 8, 8, 0, 56.37, '2026-04-04 02:45:20'),
(8, 10, 1, 1, 79.22, '2026-04-08 01:29:57'),
(9, 11, 6, 1, 67.86, '2026-04-09 00:16:19'),
(10, 12, 1, 0, NULL, '2026-02-17 23:50:38'),
(11, 13, 3, 1, NULL, '2026-03-10 14:04:04'),
(12, 14, 2, 1, 84.71, '2026-03-19 01:35:02'),
(13, 15, 8, 1, 65.78, '2026-04-10 11:47:58'),
(14, 16, 6, 0, 64.18, '2026-03-06 03:08:04'),
(15, 17, 6, 0, 57.89, '2026-02-18 02:58:37'),
(16, 19, 5, 0, 41.06, '2026-04-04 15:34:16'),
(17, 20, NULL, 1, 90.09, '2026-04-01 23:32:12'),
(18, 21, 8, 1, 93.27, '2026-03-05 05:19:36'),
(19, 22, 2, 0, 81.14, '2026-03-03 22:59:40'),
(20, 23, 8, 0, NULL, '2026-04-02 15:20:49'),
(21, 24, 7, 1, 69.52, '2026-03-08 23:31:09'),
(22, 25, 2, 1, 78.29, '2026-04-01 01:10:31'),
(23, 26, 2, 1, 57.39, '2026-03-17 01:09:27'),
(24, 27, 6, 1, 85.37, '2026-02-21 08:28:24'),
(25, 28, 1, 1, 57.3, '2026-03-28 18:32:31'),
(26, 30, 1, 1, 49.13, '2026-02-17 02:53:44'),
(27, 31, 5, 0, NULL, '2026-04-08 16:42:02'),
(28, 32, 5, 1, NULL, '2026-04-10 16:17:07'),
(29, 33, NULL, 1, 53.68, '2026-04-01 01:54:34'),
(30, 34, 1, 0, 71.19, '2026-04-16 00:43:03'),
(31, 36, 4, 1, 49.16, '2026-04-11 08:03:18'),
(32, 37, 1, 1, 70.89, '2026-04-10 10:54:50'),
(33, 38, 3, 0, 58.55, '2026-02-25 06:34:44'),
(34, 39, 6, 1, 53.81, '2026-04-08 09:10:55'),
(35, 40, 1, 0, 39.05, '2026-03-19 18:30:49');
INSERT INTO favorite_locations (user_id, location_id, saved_at) VALUES
(1, 2, '2026-01-26 20:43:21'),
(1, 7, '2026-02-19 13:15:11'),
(1, 14, '2026-04-11 21:31:08'),
(1, 27, '2026-01-29 22:01:53'),
(1, 30, '2026-03-25 01:10:29'),
(2, 2, '2026-03-19 08:59:51'),
(2, 32, '2026-01-13 05:48:49'),
(2, 34, '2026-01-09 09:07:23'),
(3, 1, '2026-03-23 22:08:30'),
(3, 3, '2026-03-03 05:09:12'),
(3, 9, '2026-03-22 02:42:43'),
(3, 14, '2026-01-27 00:59:44'),
(3, 19, '2026-02-08 14:55:02'),
(3, 21, '2026-04-13 02:34:25'),
(3, 24, '2026-01-28 11:45:46'),
(3, 28, '2026-03-28 23:25:40'),
(3, 29, '2025-12-31 18:49:07'),
(4, 2, '2026-01-12 21:28:35'),
(4, 21, '2026-03-16 08:55:55'),
(4, 26, '2026-03-08 22:26:01'),
(4, 27, '2026-03-24 10:44:33'),
(5, 2, '2026-03-13 09:34:38'),
(5, 23, '2026-02-04 21:42:10'),
(5, 29, '2026-02-15 04:03:12'),
(5, 32, '2026-02-21 09:47:39'),
(6, 6, '2025-12-21 07:48:01'),
(6, 11, '2026-02-13 12:34:51'),
(6, 29, '2026-03-12 19:54:13'),
(6, 36, '2026-03-03 02:52:23'),
(7, 28, '2025-12-28 10:08:35'),
(8, 4, '2025-12-23 07:33:52'),
(8, 8, '2026-01-11 22:38:48'),
(8, 10, '2026-01-06 16:05:32'),
(8, 13, '2026-01-19 10:51:39'),
(8, 16, '2026-03-27 05:03:08'),
(8, 28, '2026-01-23 12:02:13'),
(9, 2, '2026-03-18 13:16:38'),
(9, 12, '2026-01-28 16:36:28'),
(9, 15, '2026-02-02 23:07:26'),
(9, 18, '2026-01-24 01:24:10'),
(9, 25, '2026-03-21 05:09:58'),
(9, 30, '2026-01-04 07:17:30'),
(10, 2, '2026-03-13 07:15:44'),
(10, 3, '2026-04-10 20:05:21'),
(10, 21, '2026-03-21 06:34:16'),
(10, 23, '2026-02-23 04:51:18'),
(10, 35, '2026-02-11 03:46:55'),
(11, 1, '2026-01-11 01:39:13'),
(11, 19, '2026-02-03 20:05:25'),
(11, 24, '2026-01-15 18:16:43'),
(12, 20, '2025-12-23 22:37:03'),
(12, 36, '2026-03-13 21:21:38'),
(13, 3, '2026-01-19 04:44:31'),
(13, 13, '2026-03-09 04:48:53'),
(13, 16, '2026-03-07 15:01:54'),
(13, 22, '2026-04-02 20:53:45'),
(13, 34, '2026-03-16 05:46:14'),
(14, 5, '2026-01-29 21:08:46'),
(14, 21, '2026-02-26 16:59:51'),
(16, 15, '2026-01-21 05:21:44'),
(16, 28, '2026-04-07 02:29:01'),
(17, 3, '2026-02-27 19:16:03'),
(17, 16, '2026-01-20 22:38:07'),
(17, 18, '2026-03-09 23:27:05'),
(17, 33, '2026-03-05 22:17:39'),
(17, 34, '2025-12-25 05:05:34'),
(18, 25, '2026-04-11 00:23:30'),
(18, 33, '2026-01-27 12:02:41'),
(19, 3, '2026-03-07 16:54:58'),
(19, 22, '2026-01-29 10:44:58'),
(20, 7, '2026-02-15 21:11:16'),
(20, 8, '2026-02-23 13:02:55'),
(20, 15, '2026-01-31 20:08:46'),
(20, 23, '2025-12-24 02:43:32'),
(20, 33, '2026-01-30 16:06:19'),
(20, 34, '2026-01-23 00:48:58'),
(20, 36, '2026-04-11 17:36:20'),
(21, 6, '2026-04-09 03:18:33'),
(21, 22, '2026-03-27 13:20:15'),
(21, 32, '2026-04-15 06:53:55'),
(22, 7, '2026-02-06 16:48:18'),
(22, 8, '2026-03-05 11:30:47'),
(22, 13, '2026-02-15 23:17:02'),
(22, 14, '2026-01-21 16:11:55'),
(22, 23, '2026-04-07 05:02:51'),
(22, 36, '2026-04-03 02:45:20'),
(23, 25, '2026-03-16 20:45:42'),
(23, 32, '2026-04-13 14:04:16'),
(24, 11, '2025-12-31 23:31:59'),
(24, 18, '2026-01-03 09:21:11'),
(25, 18, '2026-02-05 01:22:26'),
(25, 19, '2026-03-08 03:03:45'),
(25, 23, '2026-03-15 06:21:50'),
(25, 25, '2026-03-18 05:42:59'),
(25, 32, '2026-03-08 01:52:52'),
(25, 34, '2026-02-27 15:09:12'),
(25, 36, '2026-02-14 16:42:07'),
(26, 12, '2026-01-13 19:47:31'),
(26, 20, '2026-01-14 12:41:22'),
(26, 27, '2026-03-14 07:48:22'),
(26, 34, '2026-01-02 00:39:01'),
(27, 8, '2026-04-15 11:53:04'),
(27, 9, '2026-04-14 05:59:44'),
(28, 3, '2025-12-30 09:06:25'),
(28, 11, '2026-03-30 11:42:59'),
(28, 18, '2026-03-18 17:28:38'),
(28, 34, '2026-03-09 16:14:33'),
(29, 29, '2025-12-31 13:12:13'),
(30, 7, '2025-12-30 19:48:11'),
(30, 20, '2025-12-22 01:31:25'),
(31, 10, '2026-04-16 14:41:48'),
(31, 21, '2026-03-13 01:36:23'),
(31, 26, '2026-03-19 22:00:06'),
(32, 16, '2026-03-23 12:09:25'),
(32, 31, '2026-01-29 11:41:02'),
(32, 35, '2026-03-18 14:27:38'),
(33, 4, '2026-01-29 18:03:40'),
(33, 7, '2026-03-01 16:27:10'),
(33, 12, '2026-02-20 08:40:25'),
(33, 23, '2026-03-03 05:29:39'),
(33, 33, '2026-01-30 09:51:20'),
(34, 10, '2026-03-22 17:46:06'),
(35, 26, '2026-04-13 03:29:59'),
(36, 2, '2025-12-31 23:51:58'),
(36, 8, '2026-04-16 06:19:08'),
(36, 16, '2026-01-05 23:19:42'),
(36, 29, '2026-02-28 01:01:14'),
(36, 30, '2026-03-04 02:12:18'),
(37, 12, '2026-03-14 16:20:30'),
(37, 16, '2025-12-24 00:47:05'),
(37, 33, '2026-01-14 13:20:41'),
(38, 3, '2026-03-29 03:07:49'),
(38, 8, '2026-03-16 13:39:07'),
(38, 13, '2026-02-19 19:27:42'),
(38, 19, '2026-02-24 11:37:14'),
(38, 27, '2026-02-10 05:22:20'),
(38, 33, '2026-04-05 06:46:32'),
(39, 7, '2026-01-25 07:18:44'),
(39, 28, '2026-04-05 05:31:10'),
(40, 4, '2026-01-25 20:21:58'),
(40, 9, '2026-03-31 08:53:56'),
(40, 21, '2026-02-12 17:04:47'),
(40, 29, '2026-03-25 21:20:30'),
(40, 31, '2026-02-15 15:02:43'),
(40, 32, '2025-12-23 08:52:37');
INSERT INTO dashboards (dashboard_id, user_id, dashboard_name, dashboard_type, created_at, updated_at) VALUES
(1, 5, 'Usage Forecasts', 'analytics', '2026-02-01 05:57:15', '2026-02-12 05:57:15'),
(2, 24, 'Crowding Hotspots', 'operations', '2026-02-19 09:44:59', '2026-03-08 15:44:59'),
(3, 23, 'Service Reliability', 'system', '2026-03-26 19:01:01', '2026-03-30 00:01:01'),
(4, 26, 'Usage Forecasts 4', 'analytics', '2026-01-19 17:16:58', '2026-02-07 18:16:58'),
(5, 37, 'Service Reliability 5', 'system', '2026-03-08 06:28:53', '2026-03-22 17:28:53'),
(6, 31, 'Data Quality Review', 'analytics', '2026-04-01 07:13:14', '2026-04-18 10:13:14'),
(7, 21, 'Alert Triage', 'system', '2026-04-11 14:19:24', '2026-04-23 14:19:24'),
(8, 11, 'Alert Triage 8', 'system', '2026-03-09 22:50:57', '2026-03-26 01:50:57'),
(9, 30, 'Alert Triage 9', 'system', '2026-04-10 23:54:09', '2026-04-15 00:54:09'),
(10, 12, 'Alert Triage 10', 'system', '2026-04-02 14:53:54', '2026-04-11 20:53:54'),
(11, 20, 'Occupancy Analysis', 'analytics', '2026-02-06 07:39:48', '2026-02-18 09:39:48'),
(12, 6, 'Occupancy Analysis 12', 'analytics', '2026-02-21 21:08:13', '2026-03-09 01:08:13'),
(13, 10, 'Hours and Availability', 'operations', '2026-03-23 18:05:58', '2026-04-08 23:05:58'),
(14, 21, 'Data Quality Review 14', 'analytics', '2026-04-15 13:12:25', '2026-04-28 14:12:25'),
(15, 12, 'Hours and Availability 15', 'operations', '2026-04-05 22:24:40', '2026-04-08 07:24:40'),
(16, 37, 'Campus Analytics Trends', 'analytics', '2026-04-07 11:58:55', '2026-04-20 12:58:55'),
(17, 27, 'Data Quality Review 17', 'analytics', '2026-03-28 17:46:29', '2026-03-30 02:46:29'),
(18, 1, 'Service Reliability 18', 'system', '2026-04-05 22:59:14', '2026-04-19 04:59:14'),
(19, 6, 'Campus Analytics Trends 19', 'analytics', '2026-02-19 12:34:51', '2026-02-25 20:34:51'),
(20, 35, 'Occupancy Analysis 20', 'analytics', '2026-04-15 08:04:06', '2026-04-24 13:04:06'),
(21, 9, 'Hours and Availability 21', 'operations', '2026-04-13 04:14:30', '2026-04-13 15:14:30'),
(22, 19, 'Data Quality Review 22', 'analytics', '2026-01-20 14:38:59', '2026-01-21 02:38:59'),
(23, 2, 'Facility Comparison', 'operations', '2026-01-24 10:57:56', '2026-02-12 20:57:56'),
(24, 31, 'Facility Comparison 24', 'operations', '2026-03-14 21:12:22', '2026-03-28 00:12:22'),
(25, 17, 'Occupancy Analysis 25', 'analytics', '2026-03-28 14:14:47', '2026-04-05 14:14:47'),
(26, 38, 'Campus Analytics Trends 26', 'analytics', '2026-04-11 09:55:54', '2026-05-01 11:55:54'),
(27, 2, 'Usage Forecasts 27', 'analytics', '2026-02-14 08:21:00', '2026-03-06 16:21:00'),
(28, 36, 'Campus Analytics Trends 28', 'analytics', '2026-04-01 05:51:15', '2026-04-17 15:51:15'),
(29, 15, 'Hours and Availability 29', 'operations', '2026-03-02 07:27:23', '2026-03-13 19:27:23'),
(30, 26, 'Campus Analytics Trends 30', 'analytics', '2026-04-05 13:11:36', '2026-04-22 15:11:36'),
(31, 28, 'Alert Triage 31', 'system', '2026-03-27 19:35:03', '2026-04-08 03:35:03'),
(32, 36, 'System Health Monitor', 'system', '2026-02-13 21:56:36', '2026-02-27 02:56:36'),
(33, 20, 'Campus Analytics Trends 33', 'analytics', '2026-02-22 21:08:12', '2026-02-28 09:08:12'),
(34, 32, 'System Health Monitor 34', 'system', '2026-04-03 07:27:57', '2026-04-10 12:27:57');
INSERT INTO dashboard_widgets (widget_id, dashboard_id, widget_name, widget_type, metric_name, x_position, y_position) VALUES
(1, 1, 'Snapshot Widget 1', 'line_chart', 'hourly_crowd_count', 0, 0),
(2, 1, 'Trend Widget 2', 'metric_card', 'sensor_latency_seconds', 1, 0),
(3, 1, 'Overview Widget 3', 'heatmap', 'favorites_by_location', 0, 1),
(4, 2, 'Overview Widget 4', 'line_chart', 'favorites_by_location', 0, 0),
(5, 2, 'Breakdown Widget 5', 'table', 'avg_prediction_confidence', 1, 0),
(6, 2, 'Overview Widget 6', 'table', 'utilization_rate', 0, 1),
(7, 2, 'Status Widget 7', 'table', 'crowd_by_zone', 1, 1),
(8, 3, 'Breakdown Widget 8', 'bar_chart', 'crowd_by_zone', 0, 0),
(9, 3, 'Breakdown Widget 9', 'metric_card', 'status_breakdown', 1, 0),
(10, 4, 'Trend Widget 10', 'bar_chart', 'utilization_rate', 0, 0),
(11, 4, 'Overview Widget 11', 'metric_card', 'daily_visits', 1, 0),
(12, 5, 'Status Widget 12', 'heatmap', 'peak_occupancy_percent', 0, 0),
(13, 5, 'Snapshot Widget 13', 'metric_card', 'avg_prediction_confidence', 1, 0),
(14, 6, 'Snapshot Widget 14', 'heatmap', 'status_breakdown', 0, 0),
(15, 6, 'Trend Widget 15', 'line_chart', 'crowd_by_zone', 1, 0),
(16, 6, 'Status Widget 16', 'metric_card', 'alert_count', 0, 1),
(17, 7, 'Overview Widget 17', 'bar_chart', 'hourly_crowd_count', 0, 0),
(18, 7, 'Status Widget 18', 'line_chart', 'daily_visits', 1, 0),
(19, 7, 'Snapshot Widget 19', 'table', 'utilization_rate', 0, 1),
(20, 8, 'Overview Widget 20', 'metric_card', 'favorites_by_location', 0, 0),
(21, 8, 'Trend Widget 21', 'heatmap', 'hourly_crowd_count', 1, 0),
(22, 8, 'Status Widget 22', 'metric_card', 'peak_occupancy_percent', 0, 1),
(23, 9, 'Status Widget 23', 'table', 'failed_pipeline_runs', 0, 0),
(24, 9, 'Trend Widget 24', 'heatmap', 'favorites_by_location', 1, 0),
(25, 9, 'Breakdown Widget 25', 'line_chart', 'crowd_by_zone', 0, 1),
(26, 9, 'Trend Widget 26', 'heatmap', 'status_breakdown', 1, 1),
(27, 10, 'Overview Widget 27', 'bar_chart', 'utilization_rate', 0, 0),
(28, 10, 'Trend Widget 28', 'table', 'sensor_latency_seconds', 1, 0),
(29, 10, 'Snapshot Widget 29', 'metric_card', 'active_locations', 0, 1),
(30, 10, 'Breakdown Widget 30', 'metric_card', 'failed_pipeline_runs', 1, 1),
(31, 11, 'Overview Widget 31', 'line_chart', 'favorites_by_location', 0, 0),
(32, 11, 'Overview Widget 32', 'bar_chart', 'active_locations', 1, 0),
(33, 12, 'Snapshot Widget 33', 'bar_chart', 'utilization_rate', 0, 0),
(34, 12, 'Breakdown Widget 34', 'line_chart', 'active_locations', 1, 0),
(35, 13, 'Overview Widget 35', 'metric_card', 'status_breakdown', 0, 0),
(36, 13, 'Trend Widget 36', 'table', 'hourly_crowd_count', 1, 0),
(37, 13, 'Trend Widget 37', 'table', 'hourly_crowd_count', 0, 1),
(38, 14, 'Overview Widget 38', 'bar_chart', 'status_breakdown', 0, 0),
(39, 14, 'Trend Widget 39', 'table', 'hourly_crowd_count', 1, 0),
(40, 14, 'Trend Widget 40', 'line_chart', 'avg_prediction_confidence', 0, 1),
(41, 14, 'Snapshot Widget 41', 'bar_chart', 'daily_visits', 1, 1),
(42, 15, 'Snapshot Widget 42', 'line_chart', 'avg_prediction_confidence', 0, 0),
(43, 15, 'Trend Widget 43', 'line_chart', 'daily_visits', 1, 0),
(44, 15, 'Snapshot Widget 44', 'metric_card', 'daily_visits', 0, 1),
(45, 15, 'Overview Widget 45', 'table', 'daily_visits', 1, 1),
(46, 16, 'Breakdown Widget 46', 'line_chart', 'favorites_by_location', 0, 0),
(47, 16, 'Breakdown Widget 47', 'metric_card', 'active_locations', 1, 0),
(48, 16, 'Snapshot Widget 48', 'heatmap', 'favorites_by_location', 0, 1),
(49, 17, 'Snapshot Widget 49', 'heatmap', 'crowd_by_zone', 0, 0),
(50, 17, 'Trend Widget 50', 'heatmap', 'avg_prediction_confidence', 1, 0),
(51, 18, 'Trend Widget 51', 'metric_card', 'avg_prediction_confidence', 0, 0),
(52, 18, 'Overview Widget 52', 'metric_card', 'crowd_by_zone', 1, 0),
(53, 18, 'Overview Widget 53', 'heatmap', 'hourly_crowd_count', 0, 1),
(54, 19, 'Breakdown Widget 54', 'heatmap', 'status_breakdown', 0, 0),
(55, 19, 'Overview Widget 55', 'line_chart', 'status_breakdown', 1, 0),
(56, 19, 'Trend Widget 56', 'heatmap', 'peak_occupancy_percent', 0, 1),
(57, 19, 'Status Widget 57', 'line_chart', 'status_breakdown', 1, 1),
(58, 20, 'Trend Widget 58', 'metric_card', 'active_locations', 0, 0),
(59, 20, 'Trend Widget 59', 'heatmap', 'sensor_latency_seconds', 1, 0),
(60, 20, 'Trend Widget 60', 'bar_chart', 'utilization_rate', 0, 1),
(61, 20, 'Status Widget 61', 'table', 'utilization_rate', 1, 1),
(62, 21, 'Trend Widget 62', 'line_chart', 'status_breakdown', 0, 0),
(63, 21, 'Breakdown Widget 63', 'heatmap', 'avg_prediction_confidence', 1, 0),
(64, 22, 'Breakdown Widget 64', 'metric_card', 'favorites_by_location', 0, 0),
(65, 22, 'Snapshot Widget 65', 'table', 'sensor_latency_seconds', 1, 0),
(66, 23, 'Trend Widget 66', 'table', 'hourly_crowd_count', 0, 0),
(67, 23, 'Breakdown Widget 67', 'heatmap', 'favorites_by_location', 1, 0),
(68, 24, 'Overview Widget 68', 'line_chart', 'utilization_rate', 0, 0),
(69, 24, 'Snapshot Widget 69', 'metric_card', 'peak_occupancy_percent', 1, 0),
(70, 24, 'Trend Widget 70', 'table', 'failed_pipeline_runs', 0, 1),
(71, 24, 'Overview Widget 71', 'table', 'status_breakdown', 1, 1),
(72, 25, 'Trend Widget 72', 'bar_chart', 'sensor_latency_seconds', 0, 0),
(73, 25, 'Status Widget 73', 'bar_chart', 'favorites_by_location', 1, 0),
(74, 25, 'Status Widget 74', 'metric_card', 'hourly_crowd_count', 0, 1),
(75, 25, 'Status Widget 75', 'bar_chart', 'avg_prediction_confidence', 1, 1),
(76, 26, 'Snapshot Widget 76', 'table', 'sensor_latency_seconds', 0, 0),
(77, 26, 'Trend Widget 77', 'bar_chart', 'failed_pipeline_runs', 1, 0),
(78, 26, 'Trend Widget 78', 'metric_card', 'failed_pipeline_runs', 0, 1),
(79, 27, 'Snapshot Widget 79', 'heatmap', 'peak_occupancy_percent', 0, 0),
(80, 27, 'Status Widget 80', 'bar_chart', 'peak_occupancy_percent', 1, 0),
(81, 27, 'Breakdown Widget 81', 'metric_card', 'favorites_by_location', 0, 1),
(82, 28, 'Snapshot Widget 82', 'heatmap', 'failed_pipeline_runs', 0, 0),
(83, 28, 'Overview Widget 83', 'line_chart', 'status_breakdown', 1, 0),
(84, 28, 'Trend Widget 84', 'table', 'daily_visits', 0, 1),
(85, 28, 'Snapshot Widget 85', 'table', 'active_locations', 1, 1),
(86, 29, 'Overview Widget 86', 'table', 'active_locations', 0, 0),
(87, 29, 'Trend Widget 87', 'table', 'favorites_by_location', 1, 0),
(88, 30, 'Status Widget 88', 'heatmap', 'active_locations', 0, 0),
(89, 30, 'Trend Widget 89', 'heatmap', 'crowd_by_zone', 1, 0),
(90, 30, 'Overview Widget 90', 'table', 'crowd_by_zone', 0, 1),
(91, 31, 'Trend Widget 91', 'line_chart', 'failed_pipeline_runs', 0, 0),
(92, 31, 'Breakdown Widget 92', 'heatmap', 'hourly_crowd_count', 1, 0),
(93, 31, 'Breakdown Widget 93', 'line_chart', 'active_locations', 0, 1),
(94, 32, 'Trend Widget 94', 'line_chart', 'favorites_by_location', 0, 0),
(95, 32, 'Status Widget 95', 'metric_card', 'alert_count', 1, 0),
(96, 32, 'Overview Widget 96', 'metric_card', 'active_locations', 0, 1),
(97, 32, 'Snapshot Widget 97', 'metric_card', 'hourly_crowd_count', 1, 1),
(98, 33, 'Status Widget 98', 'bar_chart', 'utilization_rate', 0, 0),
(99, 33, 'Snapshot Widget 99', 'table', 'failed_pipeline_runs', 1, 0),
(100, 33, 'Overview Widget 100', 'line_chart', 'sensor_latency_seconds', 0, 1),
(101, 33, 'Trend Widget 101', 'table', 'favorites_by_location', 1, 1),
(102, 34, 'Status Widget 102', 'table', 'failed_pipeline_runs', 0, 0),
(103, 34, 'Breakdown Widget 103', 'table', 'failed_pipeline_runs', 1, 0),
(104, 34, 'Snapshot Widget 104', 'line_chart', 'favorites_by_location', 0, 1),
(105, 34, 'Trend Widget 105', 'table', 'failed_pipeline_runs', 1, 1);
INSERT INTO pipeline_runs (pipeline_run_id, data_source_id, run_started_at, run_finished_at, run_status, rows_processed, error_message, initiated_by_user_id) VALUES
(1, 1, '2026-03-31 21:43:53', '2026-03-31 21:55:53', 'success', 2338, NULL, 37),
(2, 1, '2026-03-19 00:08:31', '2026-03-19 00:10:31', 'success', 714, NULL, 39),
(3, 1, '2026-03-30 22:52:55', NULL, 'running', 0, NULL, 32),
(4, 2, '2026-04-15 10:24:46', '2026-04-15 10:32:46', 'success', 1833, NULL, 33),
(5, 2, '2026-04-04 18:39:53', '2026-04-04 18:41:53', 'failed', 849, 'Malformed input rows detected', 39),
(6, 2, '2026-04-13 23:17:19', '2026-04-13 23:30:19', 'success', 1215, NULL, 37),
(7, 3, '2026-03-31 00:40:42', '2026-03-31 00:46:42', 'success', 1285, NULL, 36),
(8, 3, '2026-03-20 12:08:41', '2026-03-20 12:21:41', 'success', 1235, NULL, 33),
(9, 3, '2026-04-14 19:51:29', '2026-04-14 19:54:29', 'success', 163, NULL, 34),
(10, 4, '2026-03-19 12:57:54', '2026-03-19 13:05:54', 'success', 969, NULL, 40),
(11, 4, '2026-04-09 05:36:04', '2026-04-09 05:37:04', 'success', 1834, NULL, 37),
(12, 4, '2026-03-24 23:01:37', '2026-03-24 23:15:37', 'success', 201, NULL, 38),
(13, 5, '2026-03-31 19:04:39', '2026-03-31 19:12:39', 'success', 829, NULL, 33),
(14, 5, '2026-03-21 21:27:48', '2026-03-21 21:34:48', 'success', 2128, NULL, 31),
(15, 5, '2026-04-08 19:56:11', '2026-04-08 19:59:11', 'success', 1311, NULL, 39),
(16, 6, '2026-03-27 17:10:22', '2026-03-27 17:18:22', 'failed', 2434, 'Authentication token expired', 38),
(17, 6, '2026-04-08 09:52:47', '2026-04-08 10:09:47', 'success', 749, NULL, 40),
(18, 6, '2026-04-09 01:05:50', '2026-04-09 01:22:50', 'success', 1157, NULL, 39),
(19, 7, '2026-04-07 03:54:51', '2026-04-07 04:04:51', 'success', 1294, NULL, 36),
(20, 7, '2026-04-11 17:19:24', '2026-04-11 17:23:24', 'success', 1633, NULL, 33),
(21, 7, '2026-04-16 14:59:42', '2026-04-16 15:16:42', 'success', 1600, NULL, 34),
(22, 8, '2026-04-02 15:13:38', '2026-04-02 15:17:38', 'success', 1198, NULL, 36),
(23, 8, '2026-04-05 00:37:38', '2026-04-05 00:54:38', 'success', 795, NULL, 31),
(24, 8, '2026-04-14 08:57:30', NULL, 'running', 0, NULL, 37),
(25, 9, '2026-04-06 18:45:50', '2026-04-06 18:50:50', 'success', 635, NULL, 33),
(26, 9, '2026-03-27 23:13:41', '2026-03-27 23:23:41', 'success', 482, NULL, 33),
(27, 9, '2026-04-08 21:13:53', '2026-04-08 21:25:53', 'failed', 2112, 'Timeout while fetching source data', 37),
(28, 10, '2026-04-10 10:40:17', '2026-04-10 10:50:17', 'success', 2453, NULL, 35),
(29, 10, '2026-04-15 12:30:02', '2026-04-15 12:37:02', 'success', 2094, NULL, 31),
(30, 10, '2026-03-20 13:21:14', '2026-03-20 13:23:14', 'failed', 395, 'Schema validation failed', 39),
(31, 11, '2026-04-08 03:07:24', '2026-04-08 03:09:24', 'failed', 368, 'Schema validation failed', 36),
(32, 11, '2026-04-11 10:21:08', '2026-04-11 10:38:08', 'success', 1165, NULL, 36),
(33, 11, '2026-04-02 15:52:26', '2026-04-02 16:09:26', 'success', 2422, NULL, 34),
(34, 12, '2026-04-04 23:33:07', '2026-04-04 23:45:07', 'success', 1889, NULL, 39),
(35, 12, '2026-04-09 21:40:14', '2026-04-09 21:47:14', 'failed', 2111, 'Schema validation failed', 34),
(36, 12, '2026-04-14 13:16:39', '2026-04-14 13:28:39', 'success', 237, NULL, 32),
(37, 13, '2026-04-14 09:15:34', '2026-04-14 09:33:34', 'success', 2303, NULL, 31),
(38, 13, '2026-03-27 03:56:21', '2026-03-27 04:05:21', 'success', 595, NULL, 32),
(39, 13, '2026-04-03 20:28:38', '2026-04-03 20:44:38', 'success', 1612, NULL, 32),
(40, 14, '2026-03-28 17:49:47', '2026-03-28 18:05:47', 'failed', 1436, 'Timeout while fetching source data', 34),
(41, 14, '2026-04-17 10:53:18', '2026-04-17 11:06:18', 'failed', 2224, 'Timeout while fetching source data', 39),
(42, 14, '2026-03-22 18:49:47', '2026-03-22 18:59:47', 'success', 2103, NULL, 33),
(43, 15, '2026-04-11 22:08:19', '2026-04-11 22:24:19', 'success', 1433, NULL, 40),
(44, 15, '2026-04-06 05:14:51', '2026-04-06 05:30:51', 'success', 1241, NULL, 34),
(45, 15, '2026-04-02 05:27:19', '2026-04-02 05:28:19', 'success', 1364, NULL, 34),
(46, 16, '2026-03-24 15:52:19', '2026-03-24 16:00:19', 'success', 886, NULL, 37),
(47, 16, '2026-04-16 05:14:52', '2026-04-16 05:28:52', 'failed', 476, 'Schema validation failed', 34),
(48, 16, '2026-04-15 10:12:42', '2026-04-15 10:25:42', 'failed', 1154, 'Malformed input rows detected', 37),
(49, 17, '2026-04-05 18:44:24', '2026-04-05 18:47:24', 'success', 1417, NULL, 39),
(50, 17, '2026-04-13 10:33:22', NULL, 'running', 0, NULL, 31),
(51, 17, '2026-03-19 14:55:00', '2026-03-19 15:13:00', 'success', 51, NULL, 31),
(52, 18, '2026-04-01 12:56:13', '2026-04-01 13:12:13', 'success', 568, NULL, 35),
(53, 18, '2026-03-28 04:07:03', '2026-03-28 04:15:03', 'success', 1151, NULL, 33),
(54, 18, '2026-04-07 15:40:59', '2026-04-07 15:43:59', 'success', 1849, NULL, 33),
(55, 19, '2026-04-04 20:01:50', '2026-04-04 20:12:50', 'success', 1526, NULL, 39),
(56, 19, '2026-04-08 23:26:40', '2026-04-08 23:42:40', 'success', 659, NULL, 38),
(57, 19, '2026-04-10 01:50:26', '2026-04-10 01:53:26', 'failed', 1156, 'Timeout while fetching source data', 40),
(58, 20, '2026-03-19 12:36:57', '2026-03-19 12:54:57', 'success', 891, NULL, 35),
(59, 20, '2026-04-16 08:14:51', NULL, 'running', 0, NULL, 39),
(60, 20, '2026-03-24 07:23:52', '2026-03-24 07:26:52', 'success', 198, NULL, 32),
(61, 21, '2026-04-02 00:35:36', '2026-04-02 00:39:36', 'failed', 2335, 'Timeout while fetching source data', 34),
(62, 21, '2026-03-21 22:27:44', '2026-03-21 22:29:44', 'success', 781, NULL, 40),
(63, 21, '2026-03-20 15:05:36', '2026-03-20 15:06:36', 'success', 80, NULL, 34),
(64, 22, '2026-04-04 17:19:01', '2026-04-04 17:31:01', 'success', 1714, NULL, 37),
(65, 22, '2026-03-22 12:02:53', '2026-03-22 12:13:53', 'success', 1534, NULL, 37),
(66, 22, '2026-04-04 02:45:04', '2026-04-04 02:50:04', 'success', 469, NULL, 37),
(67, 23, '2026-04-13 18:51:53', '2026-04-13 19:00:53', 'success', 1797, NULL, 34),
(68, 23, '2026-04-02 16:46:32', '2026-04-02 16:59:32', 'failed', 1195, 'Schema validation failed', 31),
(69, 23, '2026-04-02 13:38:05', '2026-04-02 13:53:05', 'success', 1480, NULL, 34),
(70, 24, '2026-04-16 13:49:52', '2026-04-16 13:50:52', 'failed', 2359, 'Malformed input rows detected', 36),
(71, 24, '2026-04-02 21:11:07', '2026-04-02 21:12:07', 'success', 1145, NULL, 32),
(72, 24, '2026-04-03 11:18:27', '2026-04-03 11:21:27', 'success', 1319, NULL, 40),
(73, 25, '2026-03-26 16:53:29', '2026-03-26 17:01:29', 'success', 2261, NULL, 39),
(74, 25, '2026-03-25 06:54:11', '2026-03-25 06:57:11', 'success', 204, NULL, 37),
(75, 25, '2026-04-11 11:00:01', '2026-04-11 11:03:01', 'failed', 283, 'Authentication token expired', 37),
(76, 26, '2026-03-27 03:28:59', '2026-03-27 03:38:59', 'success', 1292, NULL, 38),
(77, 26, '2026-03-26 04:11:35', '2026-03-26 04:29:35', 'success', 680, NULL, 36),
(78, 26, '2026-04-07 15:39:14', '2026-04-07 15:50:14', 'success', 627, NULL, 38),
(79, 27, '2026-04-08 13:35:14', '2026-04-08 13:52:14', 'success', 2457, NULL, 31),
(80, 27, '2026-04-07 17:55:28', '2026-04-07 18:11:28', 'success', 1979, NULL, 37),
(81, 27, '2026-04-08 17:37:57', '2026-04-08 17:44:57', 'success', 2192, NULL, 39),
(82, 28, '2026-04-12 05:45:07', '2026-04-12 05:56:07', 'failed', 1095, 'Authentication token expired', 40),
(83, 28, '2026-03-22 03:52:35', '2026-03-22 03:53:35', 'success', 1241, NULL, 33),
(84, 28, '2026-03-31 23:33:47', '2026-03-31 23:41:47', 'success', 791, NULL, 38),
(85, 29, '2026-03-26 13:20:38', '2026-03-26 13:21:38', 'success', 887, NULL, 33),
(86, 29, '2026-04-15 09:39:33', '2026-04-15 09:41:33', 'success', 846, NULL, 33),
(87, 29, '2026-04-06 22:04:12', '2026-04-06 22:22:12', 'success', 1978, NULL, 40),
(88, 30, '2026-03-19 15:39:47', '2026-03-19 15:40:47', 'success', 1956, NULL, 33),
(89, 30, '2026-03-29 03:02:26', '2026-03-29 03:05:26', 'failed', 1321, 'Authentication token expired', 31),
(90, 30, '2026-03-23 14:29:34', '2026-03-23 14:34:34', 'success', 1447, NULL, 39),
(91, 31, '2026-04-13 00:10:41', '2026-04-13 00:15:41', 'success', 719, NULL, 36),
(92, 31, '2026-03-30 17:58:42', NULL, 'running', 0, NULL, 37),
(93, 31, '2026-04-15 18:58:08', '2026-04-15 19:14:08', 'success', 735, NULL, 32),
(94, 32, '2026-03-29 11:56:33', '2026-03-29 12:14:33', 'success', 986, NULL, 37),
(95, 32, '2026-03-21 04:01:31', '2026-03-21 04:06:31', 'failed', 820, 'Malformed input rows detected', 38),
(96, 32, '2026-03-22 16:03:12', '2026-03-22 16:10:12', 'failed', 1056, 'Malformed input rows detected', 34);
INSERT INTO system_logs (log_id, user_id, log_level, component_name, log_message, created_at) VALUES
(1, 36, 'INFO', 'DashboardService', 'Dashboard cache refreshed', '2026-04-06 16:02:50'),
(2, NULL, 'INFO', 'DataCleaner', 'Prediction batch generated', '2026-04-16 19:20:56'),
(3, 39, 'INFO', 'PredictionEngine', 'Dashboard cache refreshed', '2026-04-05 21:08:14'),
(4, 36, 'INFO', 'Scheduler', 'Heartbeat check passed', '2026-04-12 16:10:11'),
(5, 33, 'ERROR', 'Scheduler', 'Database write conflict encountered', '2026-04-17 15:40:46'),
(6, 39, 'ERROR', 'Scheduler', 'Database write conflict encountered', '2026-04-14 20:32:50'),
(7, 31, 'ERROR', 'APIGateway', 'Pipeline authentication failed', '2026-04-10 20:30:14'),
(8, 36, 'WARN', 'DashboardService', 'Retry triggered for API request', '2026-04-17 16:26:22'),
(9, 40, 'ERROR', 'PipelineService', 'Pipeline authentication failed', '2026-04-17 06:21:47'),
(10, 31, 'INFO', 'PredictionEngine', 'Prediction batch generated', '2026-04-11 06:11:52'),
(11, 31, 'INFO', 'DashboardService', 'Prediction batch generated', '2026-04-05 12:19:06'),
(12, 35, 'ERROR', 'PredictionEngine', 'Pipeline authentication failed', '2026-04-08 12:50:41'),
(13, 31, 'INFO', 'APIGateway', 'Prediction batch generated', '2026-04-10 02:52:42'),
(14, 39, 'INFO', 'PredictionEngine', 'Dashboard cache refreshed', '2026-04-16 19:15:47'),
(15, 36, 'INFO', 'DataCleaner', 'Pipeline completed successfully', '2026-04-16 13:23:06'),
(16, 40, 'INFO', 'PredictionEngine', 'Heartbeat check passed', '2026-04-17 00:44:04'),
(17, NULL, 'INFO', 'PredictionEngine', 'Heartbeat check passed', '2026-04-12 04:23:44'),
(18, 38, 'INFO', 'PipelineService', 'Pipeline completed successfully', '2026-04-08 06:52:09'),
(19, 34, 'INFO', 'DataCleaner', 'Pipeline completed successfully', '2026-04-15 02:28:23'),
(20, NULL, 'INFO', 'APIGateway', 'Dashboard cache refreshed', '2026-04-16 12:01:01'),
(21, 39, 'INFO', 'PredictionEngine', 'Prediction batch generated', '2026-04-11 07:30:59'),
(22, NULL, 'WARN', 'DataCleaner', 'Prediction confidence below threshold', '2026-04-06 17:39:50'),
(23, 33, 'WARN', 'PipelineService', 'Prediction confidence below threshold', '2026-04-10 12:57:46'),
(24, 40, 'INFO', 'Scheduler', 'Prediction batch generated', '2026-04-11 06:12:07'),
(25, 36, 'INFO', 'DataCleaner', 'Pipeline completed successfully', '2026-04-04 21:35:30'),
(26, NULL, 'INFO', 'PipelineService', 'Dashboard cache refreshed', '2026-04-05 13:33:32'),
(27, 34, 'INFO', 'Scheduler', 'Prediction batch generated', '2026-04-10 08:52:31'),
(28, 35, 'INFO', 'DashboardService', 'Heartbeat check passed', '2026-04-07 21:06:27'),
(29, 36, 'INFO', 'PipelineService', 'Pipeline completed successfully', '2026-04-16 04:41:06'),
(30, 37, 'ERROR', 'APIGateway', 'Pipeline authentication failed', '2026-04-13 18:22:52'),
(31, 32, 'WARN', 'DataCleaner', 'Source latency above expected range', '2026-04-05 09:10:10'),
(32, 32, 'ERROR', 'DashboardService', 'Invalid crowd measurement detected and flagged', '2026-04-04 07:54:56'),
(33, NULL, 'INFO', 'PipelineService', 'Prediction batch generated', '2026-04-17 11:25:01'),
(34, 37, 'INFO', 'PipelineService', 'Pipeline completed successfully', '2026-04-12 20:56:20'),
(35, 36, 'WARN', 'PredictionEngine', 'Prediction confidence below threshold', '2026-04-05 07:21:30'),
(36, 31, 'WARN', 'DashboardService', 'Retry triggered for API request', '2026-04-09 19:22:52'),
(37, 35, 'INFO', 'DashboardService', 'Prediction batch generated', '2026-04-06 12:19:52'),
(38, 35, 'INFO', 'DashboardService', 'Heartbeat check passed', '2026-04-03 22:15:28'),
(39, 32, 'INFO', 'PredictionEngine', 'Heartbeat check passed', '2026-04-04 15:17:19'),
(40, 31, 'WARN', 'Scheduler', 'Prediction confidence below threshold', '2026-04-17 14:43:31'),
(41, NULL, 'WARN', 'Scheduler', 'Prediction confidence below threshold', '2026-04-05 10:50:29'),
(42, 38, 'INFO', 'PipelineService', 'Dashboard cache refreshed', '2026-04-17 14:01:38'),
(43, NULL, 'ERROR', 'APIGateway', 'Database write conflict encountered', '2026-04-07 12:36:52'),
(44, 39, 'INFO', 'PipelineService', 'Dashboard cache refreshed', '2026-04-16 04:29:46'),
(45, 35, 'ERROR', 'DataCleaner', 'Pipeline authentication failed', '2026-04-16 00:50:43'),
(46, NULL, 'INFO', 'DashboardService', 'Prediction batch generated', '2026-04-05 11:41:18'),
(47, 34, 'ERROR', 'PipelineService', 'Pipeline authentication failed', '2026-04-10 00:01:51'),
(48, 32, 'INFO', 'PredictionEngine', 'Heartbeat check passed', '2026-04-06 21:45:12'),
(49, NULL, 'INFO', 'Scheduler', 'Prediction batch generated', '2026-04-09 01:23:39'),
(50, 32, 'INFO', 'APIGateway', 'Pipeline completed successfully', '2026-04-05 16:31:56'),
(51, 33, 'INFO', 'DataCleaner', 'Dashboard cache refreshed', '2026-04-17 04:21:58'),
(52, 31, 'INFO', 'PredictionEngine', 'Pipeline completed successfully', '2026-04-09 11:47:19'),
(53, 40, 'ERROR', 'APIGateway', 'Pipeline authentication failed', '2026-04-11 21:25:14'),
(54, 32, 'WARN', 'PredictionEngine', 'Prediction confidence below threshold', '2026-04-06 00:11:32'),
(55, 33, 'INFO', 'DataCleaner', 'Heartbeat check passed', '2026-04-14 17:06:06'),
(56, 35, 'WARN', 'DashboardService', 'Prediction confidence below threshold', '2026-04-09 02:54:25'),
(57, 31, 'ERROR', 'PredictionEngine', 'Invalid crowd measurement detected and flagged', '2026-04-10 13:27:43'),
(58, 39, 'INFO', 'PredictionEngine', 'Pipeline completed successfully', '2026-04-13 07:26:03'),
(59, 38, 'INFO', 'Scheduler', 'Heartbeat check passed', '2026-04-15 13:19:08'),
(60, NULL, 'INFO', 'PipelineService', 'Heartbeat check passed', '2026-04-17 16:06:36'),
(61, 36, 'WARN', 'DashboardService', 'Source latency above expected range', '2026-04-10 05:26:16'),
(62, 36, 'INFO', 'PipelineService', 'Dashboard cache refreshed', '2026-04-05 07:38:40'),
(63, 32, 'WARN', 'DashboardService', 'Retry triggered for API request', '2026-04-10 12:06:56'),
(64, 33, 'INFO', 'PredictionEngine', 'Prediction batch generated', '2026-04-10 20:11:42'),
(65, NULL, 'INFO', 'APIGateway', 'Pipeline completed successfully', '2026-04-11 12:05:24'),
(66, 38, 'INFO', 'DashboardService', 'Pipeline completed successfully', '2026-04-10 13:11:14'),
(67, NULL, 'INFO', 'Scheduler', 'Dashboard cache refreshed', '2026-04-15 21:37:47'),
(68, 33, 'INFO', 'DashboardService', 'Heartbeat check passed', '2026-04-12 08:29:45'),
(69, 38, 'INFO', 'PredictionEngine', 'Heartbeat check passed', '2026-04-11 22:38:02'),
(70, 37, 'WARN', 'DataCleaner', 'Retry triggered for API request', '2026-04-15 03:58:05'),
(71, 38, 'INFO', 'Scheduler', 'Heartbeat check passed', '2026-04-05 23:10:20'),
(72, 38, 'INFO', 'Scheduler', 'Pipeline completed successfully', '2026-04-04 09:11:14'),
(73, NULL, 'INFO', 'PredictionEngine', 'Dashboard cache refreshed', '2026-04-07 05:58:33'),
(74, 35, 'WARN', 'DashboardService', 'Source latency above expected range', '2026-04-13 10:17:19'),
(75, 39, 'ERROR', 'DashboardService', 'Database write conflict encountered', '2026-04-16 04:20:00'),
(76, 31, 'WARN', 'APIGateway', 'Prediction confidence below threshold', '2026-04-13 11:44:08'),
(77, 33, 'INFO', 'PredictionEngine', 'Dashboard cache refreshed', '2026-04-11 06:14:06'),
(78, 34, 'INFO', 'DataCleaner', 'Dashboard cache refreshed', '2026-04-04 21:13:22'),
(79, 31, 'WARN', 'DataCleaner', 'Source latency above expected range', '2026-04-08 14:49:31'),
(80, NULL, 'WARN', 'APIGateway', 'Retry triggered for API request', '2026-04-13 20:31:00'),
(81, 33, 'WARN', 'PredictionEngine', 'Source latency above expected range', '2026-04-15 21:45:42'),
(82, 33, 'WARN', 'DashboardService', 'Retry triggered for API request', '2026-04-14 02:42:15'),
(83, 31, 'INFO', 'PredictionEngine', 'Pipeline completed successfully', '2026-04-05 16:08:13'),
(84, 35, 'INFO', 'PipelineService', 'Dashboard cache refreshed', '2026-04-08 11:07:01'),
(85, 34, 'INFO', 'DataCleaner', 'Pipeline completed successfully', '2026-04-11 22:41:50'),
(86, 40, 'WARN', 'APIGateway', 'Prediction confidence below threshold', '2026-04-12 12:34:57'),
(87, 37, 'WARN', 'PredictionEngine', 'Retry triggered for API request', '2026-04-04 01:18:26'),
(88, 34, 'INFO', 'DashboardService', 'Heartbeat check passed', '2026-04-09 07:34:09'),
(89, 31, 'ERROR', 'DataCleaner', 'Pipeline authentication failed', '2026-04-13 17:48:57'),
(90, 32, 'WARN', 'PredictionEngine', 'Retry triggered for API request', '2026-04-13 16:10:32'),
(91, NULL, 'WARN', 'DashboardService', 'Prediction confidence below threshold', '2026-04-05 05:16:16'),
(92, 31, 'ERROR', 'Scheduler', 'Invalid crowd measurement detected and flagged', '2026-04-05 04:01:25'),
(93, NULL, 'INFO', 'DashboardService', 'Prediction batch generated', '2026-04-11 07:53:46'),
(94, 37, 'INFO', 'DataCleaner', 'Pipeline completed successfully', '2026-04-05 08:55:06'),
(95, NULL, 'WARN', 'DataCleaner', 'Source latency above expected range', '2026-04-12 03:34:35'),
(96, 39, 'INFO', 'DashboardService', 'Pipeline completed successfully', '2026-04-15 16:37:01'),
(97, 38, 'INFO', 'PredictionEngine', 'Pipeline completed successfully', '2026-04-17 06:44:05'),
(98, 33, 'INFO', 'DataCleaner', 'Dashboard cache refreshed', '2026-04-12 13:23:03'),
(99, 35, 'INFO', 'APIGateway', 'Dashboard cache refreshed', '2026-04-13 15:41:05'),
(100, NULL, 'INFO', 'PredictionEngine', 'Pipeline completed successfully', '2026-04-10 10:13:48'),
(101, 36, 'INFO', 'DashboardService', 'Heartbeat check passed', '2026-04-16 19:04:18'),
(102, 32, 'INFO', 'APIGateway', 'Heartbeat check passed', '2026-04-10 16:25:53'),
(103, 33, 'ERROR', 'APIGateway', 'Invalid crowd measurement detected and flagged', '2026-04-12 01:15:34'),
(104, 36, 'INFO', 'PredictionEngine', 'Pipeline completed successfully', '2026-04-03 20:05:41'),
(105, 38, 'INFO', 'DataCleaner', 'Heartbeat check passed', '2026-04-05 08:33:40'),
(106, 31, 'WARN', 'DashboardService', 'Source latency above expected range', '2026-04-09 21:06:01'),
(107, 34, 'ERROR', 'Scheduler', 'Invalid crowd measurement detected and flagged', '2026-04-15 23:38:17'),
(108, NULL, 'INFO', 'DashboardService', 'Prediction batch generated', '2026-04-09 06:41:41'),
(109, NULL, 'INFO', 'DashboardService', 'Pipeline completed successfully', '2026-04-13 21:32:50'),
(110, 38, 'INFO', 'DataCleaner', 'Prediction batch generated', '2026-04-06 07:29:30'),
(111, 38, 'WARN', 'DataCleaner', 'Retry triggered for API request', '2026-04-15 02:50:24'),
(112, 39, 'INFO', 'PredictionEngine', 'Heartbeat check passed', '2026-04-15 04:27:41'),
(113, 40, 'INFO', 'Scheduler', 'Dashboard cache refreshed', '2026-04-08 17:24:46'),
(114, NULL, 'WARN', 'DashboardService', 'Retry triggered for API request', '2026-04-11 08:02:37'),
(115, 37, 'INFO', 'Scheduler', 'Heartbeat check passed', '2026-04-08 10:51:28'),
(116, 31, 'ERROR', 'APIGateway', 'Invalid crowd measurement detected and flagged', '2026-04-17 06:50:44'),
(117, 35, 'ERROR', 'APIGateway', 'Invalid crowd measurement detected and flagged', '2026-04-04 21:41:44'),
(118, NULL, 'INFO', 'DataCleaner', 'Heartbeat check passed', '2026-04-15 02:44:38'),
(119, NULL, 'INFO', 'DashboardService', 'Prediction batch generated', '2026-04-15 04:20:50'),
(120, 33, 'WARN', 'DashboardService', 'Prediction confidence below threshold', '2026-04-03 21:59:53'),
(121, 39, 'INFO', 'DataCleaner', 'Prediction batch generated', '2026-04-06 19:54:05'),
(122, NULL, 'WARN', 'DataCleaner', 'Retry triggered for API request', '2026-04-07 07:11:04'),
(123, 33, 'WARN', 'DataCleaner', 'Source latency above expected range', '2026-04-04 20:05:50'),
(124, NULL, 'INFO', 'PipelineService', 'Dashboard cache refreshed', '2026-04-13 10:42:21'),
(125, NULL, 'INFO', 'DataCleaner', 'Heartbeat check passed', '2026-04-14 11:56:28'),
(126, NULL, 'INFO', 'PipelineService', 'Heartbeat check passed', '2026-04-17 16:40:07'),
(127, 35, 'INFO', 'Scheduler', 'Prediction batch generated', '2026-04-10 16:54:23'),
(128, NULL, 'INFO', 'APIGateway', 'Prediction batch generated', '2026-04-04 23:06:12'),
(129, 34, 'INFO', 'Scheduler', 'Pipeline completed successfully', '2026-04-07 15:22:57'),
(130, 40, 'INFO', 'APIGateway', 'Heartbeat check passed', '2026-04-14 17:18:40'),
(131, 31, 'WARN', 'DashboardService', 'Retry triggered for API request', '2026-04-07 21:54:17'),
(132, NULL, 'WARN', 'PredictionEngine', 'Prediction confidence below threshold', '2026-04-11 01:37:48'),
(133, NULL, 'WARN', 'APIGateway', 'Retry triggered for API request', '2026-04-03 20:59:36'),
(134, 38, 'WARN', 'DataCleaner', 'Retry triggered for API request', '2026-04-03 22:03:43'),
(135, 32, 'INFO', 'PredictionEngine', 'Pipeline completed successfully', '2026-04-13 00:16:55'),
(136, 38, 'ERROR', 'DashboardService', 'Pipeline authentication failed', '2026-04-14 05:58:25'),
(137, NULL, 'INFO', 'Scheduler', 'Heartbeat check passed', '2026-04-12 20:49:31'),
(138, 39, 'INFO', 'DataCleaner', 'Heartbeat check passed', '2026-04-11 06:49:00'),
(139, NULL, 'INFO', 'DashboardService', 'Pipeline completed successfully', '2026-04-17 09:48:53'),
(140, NULL, 'INFO', 'Scheduler', 'Heartbeat check passed', '2026-04-16 22:14:30'),
(141, NULL, 'INFO', 'DataCleaner', 'Pipeline completed successfully', '2026-04-05 02:56:08'),
(142, 37, 'INFO', 'PredictionEngine', 'Pipeline completed successfully', '2026-04-12 07:31:18'),
(143, 36, 'INFO', 'DataCleaner', 'Dashboard cache refreshed', '2026-04-05 07:51:40'),
(144, 33, 'WARN', 'APIGateway', 'Retry triggered for API request', '2026-04-11 07:33:32'),
(145, 40, 'INFO', 'Scheduler', 'Pipeline completed successfully', '2026-04-04 10:06:41'),
(146, 35, 'ERROR', 'DataCleaner', 'Pipeline authentication failed', '2026-04-15 20:02:55'),
(147, 33, 'ERROR', 'APIGateway', 'Database write conflict encountered', '2026-04-15 08:06:07'),
(148, 38, 'INFO', 'PredictionEngine', 'Heartbeat check passed', '2026-04-07 00:58:01'),
(149, 39, 'ERROR', 'PipelineService', 'Pipeline authentication failed', '2026-04-07 17:13:48'),
(150, 35, 'INFO', 'DataCleaner', 'Heartbeat check passed', '2026-04-15 19:56:01'),
(151, 40, 'WARN', 'Scheduler', 'Source latency above expected range', '2026-04-08 13:46:12'),
(152, 36, 'INFO', 'Scheduler', 'Pipeline completed successfully', '2026-04-08 09:24:48'),
(153, 35, 'WARN', 'DashboardService', 'Source latency above expected range', '2026-04-06 08:41:10'),
(154, 32, 'INFO', 'Scheduler', 'Dashboard cache refreshed', '2026-04-04 22:57:31'),
(155, 32, 'INFO', 'PipelineService', 'Prediction batch generated', '2026-04-05 08:01:57'),
(156, 38, 'ERROR', 'Scheduler', 'Pipeline authentication failed', '2026-04-11 23:15:03'),
(157, NULL, 'INFO', 'Scheduler', 'Heartbeat check passed', '2026-04-10 15:34:17'),
(158, NULL, 'INFO', 'PipelineService', 'Pipeline completed successfully', '2026-04-04 04:48:48'),
(159, 35, 'INFO', 'PredictionEngine', 'Heartbeat check passed', '2026-04-05 02:10:02'),
(160, NULL, 'INFO', 'Scheduler', 'Heartbeat check passed', '2026-04-15 05:23:57');
INSERT INTO system_configs (config_id, config_key, config_value, config_description, updated_by_user_id, updated_at) VALUES
(1, 'prediction_refresh_minutes', '15', 'How often crowd predictions are recalculated', 40, '2026-03-17 07:39:14'),
(2, 'max_sensor_delay_seconds', '120', 'Maximum allowed delay for sensor data', 40, '2026-03-01 05:49:30'),
(3, 'default_capacity_alert_percent', '90', 'Threshold for crowded location alerts', 40, '2026-02-08 05:31:21'),
(4, 'history_retention_days', '180', 'How long crowd history is retained', 40, '2026-03-31 10:21:41'),
(5, 'dashboard_cache_seconds', '60', 'Dashboard query cache lifetime', 40, '2026-04-05 09:48:03'),
(6, 'preferred_source_priority', 'sensor>manual>upload', 'Priority order for source trust', 40, '2026-02-02 05:30:24'),
(7, 'pipeline_batch_size', '500', 'Default batch size for ingestion jobs', 40, '2026-03-28 13:33:30'),
(8, 'prediction_confidence_floor', '0.60', 'Minimum confidence to display predictions', 40, '2026-03-29 10:22:59'),
(9, 'low_crowd_threshold', '0.35', 'Max occupancy ratio for low crowd', 40, '2026-01-21 17:36:21'),
(10, 'moderate_crowd_threshold', '0.70', 'Max occupancy ratio for moderate crowd', 40, '2026-01-19 19:56:25');
